rank,term,pvalue,zscore,combined_score,genes,adj_pvalue,gene_count
1,Adenylate Cyclase-Activating G Protein-Coupled Receptor Signaling Pathway (GO:0007189),1.031586914579862e-08,31.368028900428993,576.8449532438276,MC4R|MC3R|ADCY9|CALCR|GIPR|ADCY3|ADCY5,7.355214700954416e-06,7
2,Adenylate Cyclase-Modulating G Protein-Coupled Receptor Signaling Pathway (GO:0007188),1.56148412080855e-07,20.655635062611807,323.72459203610475,MC4R|MC3R|ADCY9|CALCR|GIPR|ADCY3|ADCY5,5.566690890682481e-05,7
3,cAMP Biosynthetic Process (GO:0006171),1.2218748125786088e-06,212.17021276595744,2888.7237871380835,ADCY9|ADCY3|ADCY5,0.00029039891378951604,3
4,cAMP Metabolic Process (GO:0046058),3.183301843206519e-06,141.4255319148936,1790.1066225817303,ADCY9|ADCY3|ADCY5,0.000567423553551562,3
5,Positive Regulation Of Protein Phosphorylation (GO:0001934),3.979217642578614e-06,10.10762679055362,125.68253059274092,RPTOR|CCND2|CALCR|BDNF|LEP|FGF19|LEPR|PPARG,0.0005674364358317104,8
6,Positive Regulation Of Protein Serine/Threonine Kinase Activity (GO:0071902),1.0794335827271069e-05,19.680555555555557,225.07645755500923,RPTOR|CCND2|HMGA2|MAP2K5|ROBO1,0.0011900080639124185,5
7,Energy Reserve Metabolic Process (GO:0006112),1.1683108621861051e-05,84.82978723404256,963.4429809213965,LEP|LEPR|MRAP2,0.0011900080639124185,3
8,Cyclic Nucleotide Biosynthetic Process (GO:0009190),1.3849289100030806e-05,79.52393617021276,889.6562746439253,ADCY9|ADCY3|ADCY5,0.0012343178910402457,3
9,Fat Cell Differentiation (GO:0045444),1.732412185617266e-05,29.823088455772115,326.9627671034966,TFAP2B|TCF7L2|HMGA2|PPARG,0.0013724554314945676,4
10,Positive Regulation Of Macromolecule Metabolic Process (GO:0010604),3.1805352816016e-05,8.934336525307797,92.52288079449033,SEC16B|CALCR|FGF19|HMGA2|PPARG|MAP2K5|ROBO1,0.0022677216557819404,7
11,Regulation Of Insulin Secretion (GO:0050796),6.60236323201855e-05,20.814038763750656,200.34548463287032,TFAP2B|TCF7L2|GIPR|ADCY5,0.004279531804026569,4
12,Cellular Response To Leptin Stimulus (GO:0044320),0.00012760097078443218,166.20833333333334,1490.3240703269437,LEP|LEPR,0.007569520375367356,2
13,Regulation Of Angiogenesis (GO:0045765),0.00015693240089955412,10.972222222222221,96.1133246688316,SPARC|LEP|PDE3B|HMGA2|PPARG,0.007569520375367356,5
14,Energy Derivation By Oxidation Of Organic Compounds (GO:0015980),0.0001690886138794749,31.77127659574468,275.93632160450045,LEP|LEPR|MRAP2,0.007569520375367356,3
15,Leptin-Mediated Signaling Pathway (GO:0033210),0.00016986300982591541,138.5,1202.2517804391236,LEP|LEPR,0.007569520375367356,2
16,Response To Leptin (GO:0044321),0.00016986300982591541,138.5,1202.2517804391236,LEP|LEPR,0.007569520375367356,2
17,Cellular Response To Forskolin (GO:1904322),0.00027212309342677823,103.86458333333333,852.6509585567859,ADCY3|ADCY5,0.009701188280664644,2
18,Cellular Response To Leucine (GO:0071233),0.00027212309342677823,103.86458333333333,852.6509585567859,RPTOR|UBR2,0.009701188280664644,2
19,Response To Forskolin (GO:1904321),0.00027212309342677823,103.86458333333333,852.6509585567859,ADCY3|ADCY5,0.009701188280664644,2
20,Response To Leucine (GO:0043201),0.00027212309342677823,103.86458333333333,852.6509585567859,RPTOR|UBR2,0.009701188280664644,2
21,Positive Regulation Of Intracellular Signal Transduction (GO:1902533),0.0003099635944778812,6.106851037083596,49.3375897079842,POMC|RPTOR|TCF7L2|CALCR|LEP|PPARG|SH2B1,0.010524002041082347,7
22,Purine Ribonucleotide Biosynthetic Process (GO:0009152),0.00035195400119539483,24.424713584288053,194.22556836269925,ADCY9|ADCY3|ADCY5,0.01091057403705724,3
23,Response To Peptide Hormone (GO:0043434),0.00035195400119539483,24.424713584288053,194.22556836269925,POMC|MC4R|LEP,0.01091057403705724,3
24,Positive Regulation Of Transcription By RNA Polymerase II (GO:0045944),0.00046723561076743346,4.494447215731576,34.46646357605892,POMC|TFAP2B|TCF7L2|ZFHX3|CRTC1|HMGA2|PPARG|ETV5|MAP2K5,0.013625727633961648,9
25,Negative Regulation Of Autophagy (GO:0010507),0.0004777604359734098,21.891415994130593,167.39054801840658,RPTOR|LEP|LEPR,0.013625727633961648,3
26,Regulation Of Feeding Behavior (GO:0060259),0.0005467878206419364,69.22916666666667,520.0114050756229,MC4R|LEPR,0.013923561289917882,2
27,Aorta Development (GO:0035904),0.0005467878206419364,69.22916666666667,520.0114050756229,TFAP2B|ROBO1,0.013923561289917882,2
28,Regulation Of Bone Remodeling (GO:0046850),0.0005467878206419364,69.22916666666667,520.0114050756229,LEP|LEPR,0.013923561289917882,2
29,Negative Regulation Of Cellular Catabolic Process (GO:0031330),0.0006292667740133991,19.83311170212766,146.18897916479884,RPTOR|LEP|LEPR,0.015471283099019087,3
30,Negative Regulation Of Extrinsic Apoptotic Signaling Pathway (GO:2001237),0.0007152738836628206,18.94220387424579,137.19544727387992,TCF7L2|FAIM2|MAP2K5,0.01699967596838637,3
31,Positive Regulation Of SMAD Protein Signal Transduction (GO:0060391),0.0008132713373134499,55.375,393.96243373102385,PPARG|SH2B1,0.01803185133349501,2
32,Regulation Of Brown Fat Cell Differentiation (GO:0090335),0.0008132713373134499,55.375,393.96243373102385,FTO|LEP,0.01803185133349501,2
33,Positive Regulation Of DNA-templated Transcription (GO:0045893),0.000868988722889944,3.7950121654501214,26.747930399837887,POMC|RPTOR|TFAP2B|TCF7L2|ZFHX3|CRTC1|HMGA2|PPARG|ETV5|MAP2K5,0.01803185133349501,10
34,Regulation Of Fat Cell Differentiation (GO:0045598),0.0008746267241459595,17.622340425531913,124.09147007242574,FTO|LEP|PPARG,0.01803185133349501,3
35,Regulation Of cAMP-mediated Signaling (GO:0043949),0.0009134705062420161,51.911458333333336,363.2898548418271,POMC|PDE3B,0.01803185133349501,2
36,Negative Regulation Of Blood Vessel Morphogenesis (GO:2000181),0.0009441676964961806,17.14433582518689,119.41384383677425,SPARC|PDE3B|PPARG,0.01803185133349501,3
37,Regulation Of TOR Signaling (GO:0032006),0.0009802139911592198,16.914893617021278,117.18197921679685,RPTOR|LEP|UBR2,0.01803185133349501,3
38,Response To Insulin (GO:0032868),0.001017121601640346,16.69148936170213,115.01735769734074,LEP|PDE3B|PPARG,0.01803185133349501,3
39,Regulation Of Tissue Remodeling (GO:0034103),0.0010193089566942573,48.85539215686274,336.54673838088314,LEP|LEPR,0.01803185133349501,2
40,Regulation Of Behavior (GO:0050795),0.0010193089566942573,48.85539215686274,336.54673838088314,ZFHX3|LEPR,0.01803185133349501,2
41,Positive Regulation Of MAPK Cascade (GO:0043410),0.0010368946769611436,7.156648451730419,49.17708817990182,CALCR|LEP|FGF19|MAP2K5|ROBO1,0.01803185133349501,5
42,Activation Of Adenylate Cyclase Activity (GO:0007190),0.0011307590059983252,46.138888888888886,313.0461870363529,CALCR|GIPR,0.018788244645845446,2
43,Negative Regulation Of Apoptotic Signaling Pathway (GO:2001234),0.0011330918930874533,16.055211419337464,108.89937140961504,TCF7L2|BDNF|FAIM2,0.018788244645845446,3
44,Positive Regulation Of Gene Expression (GO:0010628),0.001203173445112198,5.602991944764097,37.66775320564117,SEC16B|CALCR|FGF19|HMGA2|PPARG|ROBO1,0.01934079258827397,6
45,Negative Regulation Of Apoptotic Process (GO:0043066),0.0012290806366613974,5.578877005347594,37.386781985192286,TFAP2B|CCND2|BDNF|HMGA2|FAIM2|MAP2K5,0.01934079258827397,6
46,Regulation Of Lipid Storage (GO:0010883),0.0012477930702112238,43.708333333333336,292.25047477799524,FTO|PPARG,0.01934079258827397,2
47,Negative Regulation Of Angiogenesis (GO:0016525),0.0013002540770145727,15.278390156370161,101.52789088565108,SPARC|PDE3B|PPARG,0.01954167103669016,3
48,Glucose Homeostasis (GO:0042593),0.001344333954493143,15.095744680851064,99.8108989445326,TCF7L2|LEPR|PPARG,0.01954167103669016,3
49,Regulation Of Cell Differentiation (GO:0045595),0.001368609638449118,9.091787439613526,59.950881949873555,TFAP2B|ZFHX3|BDNF|BLTP1,0.01954167103669016,4
50,Placenta Development (GO:0001890),0.001370383663162003,41.520833333333336,273.7329252658829,LEP|PPARG,0.01954167103669016,2
51,Positive Regulation Of Peptidyl-Serine Phosphorylation (GO:0033138),0.0014352931477222535,14.743196437407224,96.51465720793364,RPTOR|CALCR|BDNF,0.020065961065215035,3
52,Positive Regulation Of Protein Kinase B Signaling (GO:0051897),0.0016286129467617961,14.085106382978724,90.42675735150269,TCF7L2|CALCR|LEP,0.021909453415870955,3
53,Regulation Of Peptidyl-Serine Phosphorylation (GO:0033135),0.0016286129467617961,14.085106382978724,90.42675735150269,RPTOR|CALCR|BDNF,0.021909453415870955,3
54,Regulation Of Gene Expression (GO:0010468),0.001716426336742492,3.6975435228413107,23.544148539933254,SEC16B|ZFHX3|CALCR|NPC1|FGF19|HMGA2|SLC39A8|PPARG|ROBO1,0.022663184779581423,9
55,Negative Regulation Of Signaling Receptor Activity (GO:2000272),0.0017712212130127313,36.09963768115942,228.73040961874747,CALCR|PPARG,0.022961467725055952,2
56,Positive Regulation Of Adenylate Cyclase Activity (GO:0045762),0.0019157650058532817,34.59375,216.47517339281177,CALCR|GIPR,0.024391793735239104,2
57,Regulation Of SMAD Protein Signal Transduction (GO:0060390),0.002065729354554346,33.208333333333336,205.3029465636782,PPARG|SH2B1,0.025839737364864012,2
58,Regulation Of Neuron Apoptotic Process (GO:0043523),0.002303789221887634,12.42052565707134,75.43233671724062,TFAP2B|BDNF|FAIM2,0.028320719227687634,3
59,Positive Regulation Of Protein Modification Process (GO:0031401),0.002395146562760475,7.762738540232147,46.84277743540076,CCND2|LEP|FGF19|LEPR,0.028944737275393536,4
60,Negative Regulation Of Programmed Cell Death (GO:0043069),0.0025622317881455812,5.784278959810875,34.514078819652866,TFAP2B|CCND2|DPP9|HMGA2|FAIM2,0.03028970622301209,5
61,Negative Regulation Of Intracellular Signal Transduction (GO:1902532),0.002633887497653225,7.555257613484007,44.87289914494664,PDE3B|UBR2|SLC39A8|PPARG,0.03028970622301209,4
62,Positive Regulation Of Phosphorylation (GO:0042327),0.002633887497653225,7.555257613484007,44.87289914494664,CCND2|LEP|FGF19|LEPR,0.03028970622301209,4
63,Positive Regulation Of G1/S Transition Of Mitotic Cell Cycle (GO:1900087),0.0027192556482504363,28.62212643678161,169.08226656127547,RPTOR|CCND2,0.030351162020318997,2
64,Negative Regulation Of Transcription By RNA Polymerase II (GO:0000122),0.002737930281807996,4.133074935400517,24.38742777386905,TFAP2B|TCF7L2|ZFHX3|HMGA2|PPARG|ETV5|MAP2K5,0.030351162020318997,7
65,Regulation Of Protein Serine/Threonine Kinase Activity (GO:0071900),0.002766936229061339,11.618778059730626,68.43477270112554,RPTOR|CCND2|HMGA2,0.030351162020318997,3
66,Heterochromatin Formation (GO:0031507),0.0028959211173454295,27.666666666666668,161.69650653172428,HMGA2|UBR2,0.030957282083242187,2
67,Regulation Of MAP Kinase Activity (GO:0043405),0.002909029312170023,11.408280621046579,66.623626679358,PPARG|MAP2K5|ROBO1,0.030957282083242187,3
68,Negative Regulation Of Blood Vessel Endothelial Cell Migration (GO:0043537),0.003077847146316263,26.772849462365592,154.84144163978604,PPARG|MAP2K5,0.03227213257828669,2
69,Cellular Response To Amino Acid Stimulus (GO:0071230),0.0034573756419477466,25.147727272727273,142.5183432834292,RPTOR|UBR2,0.03572621496679338,2
70,Regulation Of Glucose Import (GO:0046324),0.0036549257227984208,24.40686274509804,136.96349152286243,FGF19|LEP,0.03722802914793248,2
71,Negative Regulation Of Endothelial Cell Proliferation (GO:0001937),0.0038576315924392225,23.708333333333332,131.76384828572083,SPARC|PPARG,0.038739314442382614,2
72,Positive Regulation Of Axonogenesis (GO:0050772),0.0040654672914765,23.04861111111111,126.88782669928547,BDNF|ROBO1,0.040259419150315896,2
73,Heterochromatin Organization (GO:0070828),0.0042784069542198405,22.42454954954955,122.3074073504305,HMGA2|UBR2,0.0414497815162697,2
74,Regulation Of Protein Phosphorylation (GO:0001932),0.004301940858631077,6.559720139930035,35.74187494093898,CCND2|LEP|FGF19|LEPR,0.0414497815162697,4
75,Positive Regulation Of Cell Cycle G1/S Phase Transition (GO:1902808),0.004496424806807151,21.833333333333332,117.99765363023795,RPTOR|CCND2,0.04274601183004665,2
76,Regulation Of Protein Kinase B Signaling (GO:0051896),0.004773488579489341,9.51063829787234,50.83129816395182,TCF7L2|CALCR|LEP,0.044782859962840794,3
77,Cellular Response To Ketone (GO:1901655),0.005418765891608996,19.75,103.05327189846055,ADCY3|ADCY5,0.050176364684639145,2
78,Regulation Of Apoptotic Signaling Pathway (GO:2001233),0.0056617913266769635,19.289728682170544,99.80534454493326,BDNF|FAIM2,0.0517545796912907,2
79,T Cell Differentiation (GO:0030217),0.0059097422436154325,18.85037878787879,96.72417883948357,LEP|LEPR,0.05333729392022536,2
80,Positive Regulation Of TOR Signaling (GO:0032008),0.00616259351355971,18.430555555555557,93.79784429037069,RPTOR|LEP,0.05492411468960091,2
81,Regulation Of DNA Binding (GO:0051101),0.0064203200925442745,18.028985507246375,91.01549863791358,HMGA2|PPARG,0.056514669456593426,2
82,Plasma Membrane Bounded Cell Projection Morphogenesis (GO:0120039),0.006950299465156898,17.276041666666668,85.84414194819459,ANKRD27|BDNF,0.05921445617164462,2
83,Positive Regulation Of Developmental Growth (GO:0048639),0.006950299465156898,17.276041666666668,85.84414194819459,BDNF|LEP,0.05921445617164462,2
84,Positive Regulation Of Cell Population Proliferation (GO:0008284),0.006976177164681835,4.526266852626685,22.474065483961176,TFAP2B|TCF7L2|CCND2|FGF19|HMGA2,0.05921445617164462,5
85,"Negative Regulation Of Gene Expression, Epigenetic (GO:0045814)",0.00722250262714212,16.922619047619047,83.43788300609687,HMGA2|UBR2,0.06058405144885096,2
86,Regulation Of Peptide Hormone Secretion (GO:0090276),0.007499481830469069,16.583333333333332,81.14094572244915,TFAP2B|GIPR,0.062175936571214487,2
87,Cellular Response To Alcohol (GO:0097306),0.0077812124839393305,16.25735294117647,78.94640668269977,ADCY3|ADCY5,0.06377016667872118,2
88,Regulation Of Smooth Muscle Cell Proliferation (GO:0048660),0.008067670084263163,15.943910256410257,76.8479024006269,TCF7L2|PPARG,0.06463200865258016,2
89,Negative Regulation Of TOR Signaling (GO:0032007),0.008067670084263163,15.943910256410257,76.8479024006269,NPC1|UBR2,0.06463200865258016,2
90,Positive Regulation Of Protein Binding (GO:0032092),0.009570010787955807,14.541666666666666,67.6059670933825,TCF7L2|BDNF,0.07498261199793944,2
91,Negative Regulation Of Cytokine-Mediated Signaling Pathway (GO:0001960),0.009570010787955807,14.541666666666666,67.6059670933825,PPARG|ROBO1,0.07498261199793944,2
92,Positive Regulation Of Mitotic Cell Cycle Phase Transition (GO:1901992),0.010854501389380216,13.585382513661202,61.44906812714711,RPTOR|CCND2,0.08412238576769668,2
93,Endocytic Recycling (GO:0032456),0.01118690003742748,13.365591397849462,60.051760195429935,ANKRD27|BLTP1,0.08541107449552969,2
94,Negative Regulation Of Macromolecule Metabolic Process (GO:0010605),0.011260366062524252,6.894663411231252,30.93267398810932,FGF19|PPARG|ROBO1,0.08541107449552969,3
95,Activation Of Cysteine-Type Endopeptidase Activity Involved In Apoptotic Process (GO:0006919),0.012210781302115073,12.746794871794872,56.15518906635068,PPARG|ROBO1,0.0857226375963984,2
96,Negative Regulation Of Sequestering Of Triglyceride (GO:0010891),0.012438777192772534,101.76530612244898,446.4379351400606,PPARG,0.0857226375963984,1
97,Positive Regulation Of Receptor Binding (GO:1900122),0.012438777192772534,101.76530612244898,446.4379351400606,BDNF,0.0857226375963984,1
98,Amylin Receptor Signaling Pathway (GO:0097647),0.012438777192772534,101.76530612244898,446.4379351400606,CALCR,0.0857226375963984,1
99,Nephron Tubule Development (GO:0072080),0.012438777192772534,101.76530612244898,446.4379351400606,TFAP2B,0.0857226375963984,1
100,Regulation Of Natural Killer Cell Mediated Immunity (GO:0002715),0.012438777192772534,101.76530612244898,446.4379351400606,LEP,0.0857226375963984,1
101,Regulation Of Pentose-Phosphate Shunt (GO:0043456),0.012438777192772534,101.76530612244898,446.4379351400606,RPTOR,0.0857226375963984,1
102,Maintenance Of DNA Repeat Elements (GO:0043570),0.012438777192772534,101.76530612244898,446.4379351400606,TCF7L2,0.0857226375963984,1
103,Negative Regulation Of Chemokine-Mediated Signaling Pathway (GO:0070100),0.012438777192772534,101.76530612244898,446.4379351400606,ROBO1,0.0857226375963984,1
104,Negative Regulation Of DNA-templated Transcription (GO:0045892),0.013247490134847207,3.027459222369443,13.090573731641388,TFAP2B|TCF7L2|ZFHX3|HMGA2|PPARG|ETV5|MAP2K5,0.0857226375963984,7
105,Negative Regulation Of Epithelial Cell Proliferation (GO:0050680),0.013274200561286012,12.182598039215685,52.65237170003471,SPARC|ROBO1,0.0857226375963984,2
106,Regulation Of G Protein-Coupled Receptor Signaling Pathway (GO:0008277),0.013274200561286012,12.182598039215685,52.65237170003471,CALCR|MRAP2,0.0857226375963984,2
107,Cellular Response To Hypoxia (GO:0071456),0.014004803729585262,11.833333333333334,50.50886613536219,RPTOR|PPARG,0.0857226375963984,2
108,Cellular Response To Decreased Oxygen Levels (GO:0036294),0.014376533555205991,11.666079812206572,49.48935398933624,RPTOR|PPARG,0.0857226375963984,2
109,Regulation Of Cellular Response To Insulin Stimulus (GO:1900076),0.014908284799373634,81.40816326530613,342.3895623444841,PPARG,0.0857226375963984,1
110,Negative Regulation Of Double-Strand Break Repair Via Nonhomologous End Joining (GO:2001033),0.014908284799373634,81.40816326530613,342.3895623444841,HMGA2,0.0857226375963984,1
111,N-acetylneuraminate Catabolic Process (GO:0019262),0.014908284799373634,81.40816326530613,342.3895623444841,GNPDA2,0.0857226375963984,1
112,Hindlimb Morphogenesis (GO:0035137),0.014908284799373634,81.40816326530613,342.3895623444841,TFAP2B,0.0857226375963984,1
113,White Fat Cell Differentiation (GO:0050872),0.014908284799373634,81.40816326530613,342.3895623444841,PPARG,0.0857226375963984,1
114,Negative Regulation Of Response To Type II Interferon (GO:0060331),0.014908284799373634,81.40816326530613,342.3895623444841,PPARG,0.0857226375963984,1
115,Adult Feeding Behavior (GO:0008343),0.014908284799373634,81.40816326530613,342.3895623444841,LEP,0.0857226375963984,1
116,Negative Regulation Of Type II Interferon-Mediated Signaling Pathway (GO:0060336),0.014908284799373634,81.40816326530613,342.3895623444841,PPARG,0.0857226375963984,1
117,Calcitonin Family Receptor Signaling Pathway (GO:0097646),0.014908284799373634,81.40816326530613,342.3895623444841,CALCR,0.0857226375963984,1
118,Macrophage Derived Foam Cell Differentiation (GO:0010742),0.014908284799373634,81.40816326530613,342.3895623444841,PPARG,0.0857226375963984,1
119,Protein Localization To Endoplasmic Reticulum Exit Site (GO:0070973),0.014908284799373634,81.40816326530613,342.3895623444841,SEC16B,0.0857226375963984,1
120,Cellular Response To Laminar Fluid Shear Stress (GO:0071499),0.014908284799373634,81.40816326530613,342.3895623444841,MAP2K5,0.0857226375963984,1
121,Regulation Of Vascular Associated Smooth Muscle Cell Apoptotic Process (GO:1905459),0.014908284799373634,81.40816326530613,342.3895623444841,PPARG,0.0857226375963984,1
122,Positive Regulation Of cAMP-mediated Signaling (GO:0043950),0.014908284799373634,81.40816326530613,342.3895623444841,POMC,0.0857226375963984,1
123,Regulation Of Adiponectin Secretion (GO:0070163),0.014908284799373634,81.40816326530613,342.3895623444841,PPARG,0.0857226375963984,1
124,Regulation Of Cardiac Muscle Hypertrophy In Response To Stress (GO:1903242),0.014908284799373634,81.40816326530613,342.3895623444841,PPARG,0.0857226375963984,1
125,Regulation Of BMP Signaling Pathway (GO:0030510),0.015132735762129949,11.345319634703197,47.54704276850611,TFAP2B|PPARG,0.08605988035617028,2
126,Positive Regulation Of Protein Secretion (GO:0050714),0.015517162822490733,11.191441441441441,46.62140287744705,TCF7L2|PPARG,0.08605988035617028,2
127,Positive Regulation Of Multicellular Organismal Process (GO:0051240),0.01579018127471118,4.442501986604609,18.429128507306682,MC4R|LEP|LEPR|PPARG,0.08605988035617028,4
128,Positive Regulation Of Cellular Process (GO:0048522),0.016030246434453138,3.652329749103943,15.096093978474457,RPTOR|TFAP2B|ZFHX3|CCND2|FGF19,0.08605988035617028,5
129,Regulation Of Neuron Differentiation (GO:0045664),0.016695477638347864,10.753787878787879,44.01113934918422,ZFHX3|BDNF,0.08605988035617028,2
130,Regulation Of Chemokine-Mediated Signaling Pathway (GO:0070099),0.017371741450283952,67.83673469387755,274.9362107684438,ROBO1,0.08605988035617028,1
131,Negative Regulation Of Glucose Import (GO:0046325),0.017371741450283952,67.83673469387755,274.9362107684438,LEP,0.08605988035617028,1
132,DNA Dealkylation (GO:0035510),0.017371741450283952,67.83673469387755,274.9362107684438,FTO,0.08605988035617028,1
133,DNA Dealkylation Involved In DNA Repair (GO:0006307),0.017371741450283952,67.83673469387755,274.9362107684438,FTO,0.08605988035617028,1
134,Foam Cell Differentiation (GO:0090077),0.017371741450283952,67.83673469387755,274.9362107684438,PPARG,0.08605988035617028,1
135,Negative Regulation Of miRNA-mediated Gene Silencing (GO:0060965),0.017371741450283952,67.83673469387755,274.9362107684438,PPARG,0.08605988035617028,1
136,Regulation Of Mammary Gland Epithelial Cell Proliferation (GO:0033599),0.017371741450283952,67.83673469387755,274.9362107684438,ROBO1,0.08605988035617028,1
137,Amino Sugar Catabolic Process (GO:0046348),0.017371741450283952,67.83673469387755,274.9362107684438,GNPDA2,0.08605988035617028,1
138,Positive Regulation Of Vascular Endothelial Growth Factor Signaling Pathway (GO:1900748),0.017371741450283952,67.83673469387755,274.9362107684438,ROBO1,0.08605988035617028,1
139,Peroxisome Proliferator Activated Receptor Signaling Pathway (GO:0035357),0.017371741450283952,67.83673469387755,274.9362107684438,PPARG,0.08605988035617028,1
140,Positive Regulation Of Adipose Tissue Development (GO:1904179),0.017371741450283952,67.83673469387755,274.9362107684438,PPARG,0.08605988035617028,1
141,Collecting Duct Development (GO:0072044),0.017371741450283952,67.83673469387755,274.9362107684438,TFAP2B,0.08605988035617028,1
142,Negative Regulation Of SMAD Protein Signal Transduction (GO:0060392),0.017371741450283952,67.83673469387755,274.9362107684438,PPARG,0.08605988035617028,1
143,Negative Regulation Of Appetite (GO:0032099),0.017371741450283952,67.83673469387755,274.9362107684438,LEP,0.08605988035617028,1
144,Positive Regulation Of Growth (GO:0045927),0.017501658697958892,10.48048523206751,42.398379802278754,RPTOR|LEP,0.08605988035617028,2
145,Regulation Of Interleukin-8 Production (GO:0032677),0.017501658697958892,10.48048523206751,42.398379802278754,LEP|MAP2K5,0.08605988035617028,2
146,Vesicle-Mediated Transport To The Plasma Membrane (GO:0098876),0.018324142941730272,10.220679012345679,40.877971632620635,ANKRD27|BLTP1,0.08853258396091082,2
147,Glucosamine-Containing Compound Catabolic Process (GO:1901072),0.01982916145118511,58.142857142857146,227.9549801512961,GNPDA2,0.08853258396091082,1
148,Tyrosine Phosphorylation Of STAT Protein (GO:0007260),0.01982916145118511,58.142857142857146,227.9549801512961,LEP,0.08853258396091082,1
149,UDP-N-acetylglucosamine Biosynthetic Process (GO:0006048),0.01982916145118511,58.142857142857146,227.9549801512961,GNPDA2,0.08853258396091082,1
150,Positive Regulation Of Smooth Muscle Cell Apoptotic Process (GO:0034393),0.01982916145118511,58.142857142857146,227.9549801512961,PPARG,0.08853258396091082,1
151,Manganese Ion Transport (GO:0006828),0.01982916145118511,58.142857142857146,227.9549801512961,SLC39A8,0.08853258396091082,1
152,Peroxisome Fission (GO:0016559),0.01982916145118511,58.142857142857146,227.9549801512961,SEC16B,0.08853258396091082,1
153,Mesodermal Cell Differentiation (GO:0048333),0.01982916145118511,58.142857142857146,227.9549801512961,HMGA2,0.08853258396091082,1
154,Positive Regulation Of Calcium Ion Import Across Plasma Membrane (GO:1905665),0.01982916145118511,58.142857142857146,227.9549801512961,CALCR,0.08853258396091082,1
155,Positive Regulation Of Calcium Ion-Dependent Exocytosis (GO:0045956),0.01982916145118511,58.142857142857146,227.9549801512961,SYT10,0.08853258396091082,1
156,Negative Regulation Of cAMP-mediated Signaling (GO:0043951),0.01982916145118511,58.142857142857146,227.9549801512961,PDE3B,0.08853258396091082,1
157,Negative Regulation Of Cholesterol Storage (GO:0010887),0.01982916145118511,58.142857142857146,227.9549801512961,PPARG,0.08853258396091082,1
158,Cellular Response To Chemical Stress (GO:0062197),0.020887660803435404,9.512931034482758,36.80169347929862,RPTOR|ETV5,0.08853258396091082,2
159,Cellular Response To Peptide Hormone Stimulus (GO:0071375),0.020887660803435404,9.512931034482758,36.80169347929862,PDE3B|PPARG,0.08853258396091082,2
160,Regulation Of Epithelial Cell Proliferation (GO:0050678),0.02177361021578966,9.298220973782772,35.5848177883064,TCF7L2|LEP,0.08853258396091082,2
161,Lymphocyte Differentiation (GO:0030098),0.02177361021578966,9.298220973782772,35.5848177883064,LEP|LEPR,0.08853258396091082,2
162,Positive Regulation Of MAP Kinase Activity (GO:0043406),0.02177361021578966,9.298220973782772,35.5848177883064,MAP2K5|ROBO1,0.08853258396091082,2
163,Positive Regulation Of Binding (GO:0051099),0.02177361021578966,9.298220973782772,35.5848177883064,TCF7L2|PPARG,0.08853258396091082,2
164,Negative Regulation Of Heterotypic Cell-Cell Adhesion (GO:0034115),0.022280559123686802,50.87244897959184,193.52086993316271,MAP2K5,0.08853258396091082,1
165,Negative Regulation Of Lipid Localization (GO:1905953),0.022280559123686802,50.87244897959184,193.52086993316271,PPARG,0.08853258396091082,1
166,Forelimb Morphogenesis (GO:0035136),0.022280559123686802,50.87244897959184,193.52086993316271,TFAP2B,0.08853258396091082,1
167,Regulation Of Leukocyte Mediated Cytotoxicity (GO:0001910),0.022280559123686802,50.87244897959184,193.52086993316271,LEP,0.08853258396091082,1
168,Positive Regulation Of Protein Kinase A Signaling (GO:0010739),0.022280559123686802,50.87244897959184,193.52086993316271,CALCR,0.08853258396091082,1
169,Histone Ubiquitination (GO:0016574),0.022280559123686802,50.87244897959184,193.52086993316271,UBR2,0.08853258396091082,1
170,Amino Sugar Biosynthetic Process (GO:0046349),0.022280559123686802,50.87244897959184,193.52086993316271,GNPDA2,0.08853258396091082,1
171,Intestinal Cholesterol Absorption (GO:0030299),0.022280559123686802,50.87244897959184,193.52086993316271,NPC1,0.08853258396091082,1
172,Regulation Of Natural Killer Cell Proliferation (GO:0032817),0.022280559123686802,50.87244897959184,193.52086993316271,LEP,0.08853258396091082,1
173,Iron Ion Transmembrane Transport (GO:0034755),0.022280559123686802,50.87244897959184,193.52086993316271,SLC39A8,0.08853258396091082,1
174,Kinetochore Assembly (GO:0051382),0.022280559123686802,50.87244897959184,193.52086993316271,NPC1,0.08853258396091082,1
175,Regulation Of Receptor Binding (GO:1900120),0.022280559123686802,50.87244897959184,193.52086993316271,BDNF,0.08853258396091082,1
176,Response To Laminar Fluid Shear Stress (GO:0034616),0.022280559123686802,50.87244897959184,193.52086993316271,MAP2K5,0.08853258396091082,1
177,Regulation Of Bile Acid Biosynthetic Process (GO:0070857),0.022280559123686802,50.87244897959184,193.52086993316271,FGF19,0.08853258396091082,1
178,Negative Regulation Of Cell Adhesion Mediated By Integrin (GO:0033629),0.022280559123686802,50.87244897959184,193.52086993316271,PDE3B,0.08853258396091082,1
179,Regulation Of Cell-Cell Adhesion Involved In Gastrulation (GO:0070587),0.022280559123686802,50.87244897959184,193.52086993316271,MAP2K5,0.08853258396091082,1
180,Regulation Of Autophagy (GO:0010506),0.022350441953666124,5.286608260325407,20.093917888377906,RPTOR|LEP|LEPR,0.08853258396091082,3
181,Regulation Of Endothelial Cell Proliferation (GO:0001936),0.022674995409076425,9.092948717948717,34.43038199107018,SPARC|LEP,0.08932194324127896,2
182,Positive Regulation Of Transmembrane Receptor Protein Serine/Threonine Kinase Signaling Pathway (GO:0090100),0.023591646713008625,8.896505376344086,33.333983109146935,PPARG|SH2B1,0.08949036297819792,2
183,N-acetylneuraminate Metabolic Process (GO:0006054),0.02472594881725805,45.21768707482993,167.3010120823387,GNPDA2,0.08949036297819792,1
184,Negative Regulation Of Pathway-Restricted SMAD Protein Phosphorylation (GO:0060394),0.02472594881725805,45.21768707482993,167.3010120823387,PPARG,0.08949036297819792,1
185,TORC1 Signaling (GO:0038202),0.02472594881725805,45.21768707482993,167.3010120823387,RPTOR,0.08949036297819792,1
186,UDP-N-acetylglucosamine Metabolic Process (GO:0006047),0.02472594881725805,45.21768707482993,167.3010120823387,GNPDA2,0.08949036297819792,1
187,Negative Regulation Of Response To Cytokine Stimulus (GO:0060761),0.02472594881725805,45.21768707482993,167.3010120823387,MAP2K5,0.08949036297819792,1
188,Negative Regulation Of Steroid Biosynthetic Process (GO:0010894),0.02472594881725805,45.21768707482993,167.3010120823387,FGF19,0.08949036297819792,1
189,Arginine Metabolic Process (GO:0006525),0.02472594881725805,45.21768707482993,167.3010120823387,SLC39A8,0.08949036297819792,1
190,Kinetochore Organization (GO:0051383),0.02472594881725805,45.21768707482993,167.3010120823387,NPC1,0.08949036297819792,1
191,Prostaglandin Transport (GO:0015732),0.02472594881725805,45.21768707482993,167.3010120823387,LEP,0.08949036297819792,1
192,Mitotic DNA Replication (GO:1902969),0.02472594881725805,45.21768707482993,167.3010120823387,MCM6,0.08949036297819792,1
193,Monocyte Differentiation (GO:0030224),0.02472594881725805,45.21768707482993,167.3010120823387,PPARG,0.08949036297819792,1
194,Response To Corticosteroid (GO:0031960),0.02472594881725805,45.21768707482993,167.3010120823387,CALCR,0.08949036297819792,1
195,Positive Regulation Of Bone Resorption (GO:0045780),0.02472594881725805,45.21768707482993,167.3010120823387,MC4R,0.08949036297819792,1
196,Regulation Of Calcium Ion Import Across Plasma Membrane (GO:1905664),0.02472594881725805,45.21768707482993,167.3010120823387,CALCR,0.08949036297819792,1
197,Signal Release (GO:0023061),0.02472594881725805,45.21768707482993,167.3010120823387,LEP,0.08949036297819792,1
198,Positive Regulation Of Cold-Induced Thermogenesis (GO:0120162),0.02499487952283687,8.6171875,31.789531066243494,LEP|LEPR,0.08967079112846564,2
199,Cellular Response To Insulin Stimulus (GO:0032869),0.025470075176232815,8.527920962199312,31.299610767204847,PDE3B|PPARG,0.08967079112846564,2
200,Cytokine-Mediated Signaling Pathway (GO:0019221),0.026385960632902862,4.9495727927626065,17.991316996729047,LEP|LEPR|GPR75,0.08967079112846564,3
201,Regulation Of Transcription By RNA Polymerase II (GO:0006357),0.026568941031382392,2.221506442021804,8.059652864585894,POMC|TFAP2B|TCF7L2|ZFHX3|CRTC1|HMGA2|PPARG|SIM1|ETV5|MAP2K5,0.08967079112846564,10
202,Regulation Of Protein Secretion (GO:0050708),0.02691772640191098,8.270833333333334,29.898816321570965,TFAP2B|GIPR,0.08967079112846564,2
203,Negative Regulation Of Nucleic Acid-Templated Transcription (GO:1903507),0.026931479093887437,3.7510580992689495,13.558047394465985,TFAP2B|TCF7L2|HMGA2|PPARG,0.08967079112846564,4
204,Negative Regulation Of Glucose Transmembrane Transport (GO:0010829),0.027165344857992397,40.69387755102041,146.73452100035948,LEP,0.08967079112846564,1
205,Histone H2A Ubiquitination (GO:0033522),0.027165344857992397,40.69387755102041,146.73452100035948,UBR2,0.08967079112846564,1
206,Positive Regulation Of Protein Exit From Endoplasmic Reticulum (GO:0070863),0.027165344857992397,40.69387755102041,146.73452100035948,SEC16B,0.08967079112846564,1
207,Intestinal Absorption (GO:0050892),0.027165344857992397,40.69387755102041,146.73452100035948,LEP,0.08967079112846564,1
208,Intestinal Lipid Absorption (GO:0098856),0.027165344857992397,40.69387755102041,146.73452100035948,NPC1,0.08967079112846564,1
209,Lipoprotein Transport (GO:0042953),0.027165344857992397,40.69387755102041,146.73452100035948,PPARG,0.08967079112846564,1
210,Regulation Of Protein Exit From Endoplasmic Reticulum (GO:0070861),0.027165344857992397,40.69387755102041,146.73452100035948,SEC16B,0.08967079112846564,1
211,Cell Differentiation In Hindbrain (GO:0021533),0.027165344857992397,40.69387755102041,146.73452100035948,FAIM2,0.08967079112846564,1
212,Cellular Response To Fluid Shear Stress (GO:0071498),0.027165344857992397,40.69387755102041,146.73452100035948,MAP2K5,0.08967079112846564,1
213,Regulation Of Type II Interferon-Mediated Signaling Pathway (GO:0060334),0.027165344857992397,40.69387755102041,146.73452100035948,PPARG,0.08967079112846564,1
214,Regulation Of Adipose Tissue Development (GO:1904177),0.027165344857992397,40.69387755102041,146.73452100035948,PPARG,0.08967079112846564,1
215,Retinoic Acid Receptor Signaling Pathway (GO:0048384),0.027165344857992397,40.69387755102041,146.73452100035948,PPARG,0.08967079112846564,1
216,Double-Strand Break Repair Via Break-Induced Replication (GO:0000727),0.027165344857992397,40.69387755102041,146.73452100035948,MCM6,0.08967079112846564,1
217,Positive Regulation Of Stress-Activated MAPK Cascade (GO:0032874),0.0283980432384044,8.028721682847896,28.593770697553435,LEP|FGF19,0.09215684278878061,2
218,Regulation Of G1/S Transition Of Mitotic Cell Cycle (GO:2000045),0.028898646186160913,7.951121794871795,28.178461808105727,RPTOR|CCND2,0.09215684278878061,2
219,Positive Regulation Of Cell Growth (GO:0030307),0.028898646186160913,7.951121794871795,28.178461808105727,RPTOR|BDNF,0.09215684278878061,2
220,Negative Regulation Of Signal Transduction (GO:0009968),0.02909428493815266,4.759671179883946,16.83597323857966,BDNF|PPARG|FAIM2,0.09215684278878061,3
221,Regulation Of Chemokine (C-X-C Motif) Ligand 2 Production (GO:2000341),0.029598761568907096,36.99257884972171,130.2147194065139,MAP2K5,0.09215684278878061,1
222,Negative Regulation Of Macrophage Derived Foam Cell Differentiation (GO:0010745),0.029598761568907096,36.99257884972171,130.2147194065139,PPARG,0.09215684278878061,1
223,Icosanoid Secretion (GO:0032309),0.029598761568907096,36.99257884972171,130.2147194065139,LEP,0.09215684278878061,1
224,Positive Regulation Of Regulated Secretory Pathway (GO:1903307),0.029598761568907096,36.99257884972171,130.2147194065139,SYT10,0.09215684278878061,1
225,Regulation Of Monooxygenase Activity (GO:0032768),0.029598761568907096,36.99257884972171,130.2147194065139,LEP,0.09215684278878061,1
226,Lipoprotein Localization (GO:0044872),0.029598761568907096,36.99257884972171,130.2147194065139,PPARG,0.09215684278878061,1
227,Regulation Of DNA-templated DNA Replication Initiation (GO:0030174),0.029598761568907096,36.99257884972171,130.2147194065139,MCM6,0.09215684278878061,1
228,Negative Regulation By Host Of Viral Transcription (GO:0043922),0.029598761568907096,36.99257884972171,130.2147194065139,HMGA2,0.09215684278878061,1
229,Negative Regulation Of Cardiac Muscle Hypertrophy (GO:0010614),0.029598761568907096,36.99257884972171,130.2147194065139,PPARG,0.09215684278878061,1
230,Positive Regulation Of Metabolic Process (GO:0009893),0.02991047692165705,7.800314465408805,27.37556602865933,LEP|LEPR,0.09272247845713687,2
231,Positive Regulation Of Cysteine-Type Endopeptidase Activity Involved In Apoptotic Process (GO:0043280),0.030421664588174364,7.72702492211838,26.987409356009476,PPARG|ROBO1,0.0938989041184776,2
232,Negative Regulation Of Inflammatory Response (GO:0050728),0.03145448478079644,7.584480122324159,26.23633758944092,SLC39A8|PPARG,0.095842083968837,2
233,T Cell Activation (GO:0042110),0.03145448478079644,7.584480122324159,26.23633758944092,LEP|LEPR,0.095842083968837,2
234,Double-Strand Break Repair Via Homologous Recombination (GO:0000724),0.03145448478079644,7.584480122324159,26.23633758944092,NPC1|MCM6,0.095842083968837,2
235,Negative Regulation Of Defense Response (GO:0031348),0.03197607762407203,7.515151515151516,25.872917364872013,SLC39A8|PPARG,0.0967571612134239,2
236,Negative Regulation Of Cell Migration Involved In Sprouting Angiogenesis (GO:0090051),0.03202621324876303,33.90816326530612,116.6847899929619,MAP2K5,0.0967571612134239,1
237,Regulation Of Cholesterol Storage (GO:0010885),0.034447714169871156,31.298273155416013,105.4223689491126,PPARG,0.10066073853736941,1
238,Negative Regulation Of Receptor Signaling Pathway Via STAT (GO:1904893),0.034447714169871156,31.298273155416013,105.4223689491126,PPARG,0.10066073853736941,1
239,Negative Regulation Of Single Stranded Viral RNA Replication Via Double Stranded DNA Intermediate (GO:0045869),0.034447714169871156,31.298273155416013,105.4223689491126,HMGA2,0.10066073853736941,1
240,Neuron Cell-Cell Adhesion (GO:0007158),0.034447714169871156,31.298273155416013,105.4223689491126,NRXN3,0.10066073853736941,1
241,Pancreas Development (GO:0031016),0.034447714169871156,31.298273155416013,105.4223689491126,TCF7L2,0.10066073853736941,1
242,Membrane Raft Organization (GO:0031579),0.034447714169871156,31.298273155416013,105.4223689491126,NPC1,0.10066073853736941,1
243,Regulation Of Sequestering Of Triglyceride (GO:0010889),0.034447714169871156,31.298273155416013,105.4223689491126,PPARG,0.10066073853736941,1
244,Centromere Complex Assembly (GO:0034508),0.034447714169871156,31.298273155416013,105.4223689491126,NPC1,0.10066073853736941,1
245,Positive Regulation Of Cell Projection Organization (GO:0031346),0.035176955009368155,7.124281609195402,23.8475644827565,BDNF|ROBO1,0.10237211804767139,2
246,Sympathetic Nervous System Development (GO:0048485),0.03686327859360632,29.06122448979592,95.91771596133705,TFAP2B,0.10388742149107237,1
247,N-acetylglucosamine Metabolic Process (GO:0006044),0.03686327859360632,29.06122448979592,95.91771596133705,GNPDA2,0.10388742149107237,1
248,Regulation Of miRNA-mediated Gene Silencing (GO:0060964),0.03686327859360632,29.06122448979592,95.91771596133705,PPARG,0.10388742149107237,1
249,Intracellular Sterol Transport (GO:0032366),0.03686327859360632,29.06122448979592,95.91771596133705,NPC1,0.10388742149107237,1
250,Positive Regulation Of Transcription By RNA Polymerase III (GO:0045945),0.03686327859360632,29.06122448979592,95.91771596133705,RPTOR,0.10388742149107237,1
251,Neurotrophin Signaling Pathway (GO:0038179),0.03686327859360632,29.06122448979592,95.91771596133705,BDNF,0.10388742149107237,1
252,Nucleotide-Sugar Biosynthetic Process (GO:0009226),0.03686327859360632,29.06122448979592,95.91771596133705,GNPDA2,0.10388742149107237,1
253,Positive Regulation Of Cyclin-Dependent Protein Serine/Threonine Kinase Activity (GO:0045737),0.03686327859360632,29.06122448979592,95.91771596133705,CCND2,0.10388742149107237,1
254,Neuron Projection Guidance (GO:0097485),0.03849707242876802,6.771857923497268,22.05711333941876,BDNF|NRXN3,0.10606663819573375,2
255,Positive Regulation Of Stem Cell Proliferation (GO:2000648),0.039272920734465235,27.122448979591837,87.80133530116419,HMGA2,0.10606663819573375,1
256,Intracellular Cholesterol Transport (GO:0032367),0.039272920734465235,27.122448979591837,87.80133530116419,NPC1,0.10606663819573375,1
257,Regulation Of Natural Killer Cell Activation (GO:0032814),0.039272920734465235,27.122448979591837,87.80133530116419,LEP,0.10606663819573375,1
258,Autonomic Nervous System Development (GO:0048483),0.039272920734465235,27.122448979591837,87.80133530116419,TFAP2B,0.10606663819573375,1
259,Regulation Of Protein Kinase A Signaling (GO:0010738),0.039272920734465235,27.122448979591837,87.80133530116419,CALCR,0.10606663819573375,1
260,Regulation Of Response To Cytokine Stimulus (GO:0060759),0.039272920734465235,27.122448979591837,87.80133530116419,MAP2K5,0.10606663819573375,1
261,Protein Localization To Endoplasmic Reticulum (GO:0070972),0.039272920734465235,27.122448979591837,87.80133530116419,SEC16B,0.10606663819573375,1
262,Regulation Of Stem Cell Proliferation (GO:0072091),0.039272920734465235,27.122448979591837,87.80133530116419,HMGA2,0.10606663819573375,1
263,Negative Regulation Of RNA Biosynthetic Process (GO:1902679),0.039272920734465235,27.122448979591837,87.80133530116419,HMGA2,0.10606663819573375,1
264,Negative Regulation Of Chemokine Production (GO:0032682),0.039272920734465235,27.122448979591837,87.80133530116419,MAP2K5,0.10606663819573375,1
265,Regulation Of Anatomical Structure Morphogenesis (GO:0022603),0.04020055744917771,6.608333333333333,21.238353436089685,SPARC|LEP,0.10766469154401984,2
266,Negative Regulation Of Interleukin-8 Production (GO:0032717),0.04167665479123348,25.426020408163264,80.79916728086499,MAP2K5,0.10766469154401984,1
267,Negative Regulation Of Vascular Associated Smooth Muscle Cell Proliferation (GO:1904706),0.04167665479123348,25.426020408163264,80.79916728086499,PPARG,0.10766469154401984,1
268,Aorta Morphogenesis (GO:0035909),0.04167665479123348,25.426020408163264,80.79916728086499,TFAP2B,0.10766469154401984,1
269,Intracellular Zinc Ion Homeostasis (GO:0006882),0.04167665479123348,25.426020408163264,80.79916728086499,SLC39A8,0.10766469154401984,1
270,Carboxylic Acid Catabolic Process (GO:0046395),0.04167665479123348,25.426020408163264,80.79916728086499,GNPDA2,0.10766469154401984,1
271,Regulation Of Receptor Signaling Pathway Via STAT (GO:1904892),0.04167665479123348,25.426020408163264,80.79916728086499,PPARG,0.10766469154401984,1
272,Cell Migration Involved In Sprouting Angiogenesis (GO:0002042),0.04167665479123348,25.426020408163264,80.79916728086499,ROBO1,0.10766469154401984,1
273,Mesenchyme Development (GO:0060485),0.04167665479123348,25.426020408163264,80.79916728086499,HMGA2,0.10766469154401984,1
274,Regulation Of Single Stranded Viral RNA Replication Via Double Stranded DNA Intermediate (GO:0045091),0.04167665479123348,25.426020408163264,80.79916728086499,HMGA2,0.10766469154401984,1
275,Regulation Of DNA-templated DNA Replication (GO:0090329),0.04167665479123348,25.426020408163264,80.79916728086499,MCM6,0.10766469154401984,1
276,Negative Regulation Of Cellular Senescence (GO:2000773),0.04167665479123348,25.426020408163264,80.79916728086499,HMGA2,0.10766469154401984,1
277,Positive Regulation Of Glycolytic Process (GO:0045821),0.04407449493169267,23.92917166866747,74.70385911458476,RPTOR,0.1087374217518923,1
278,Negative Regulation Of Lipid Catabolic Process (GO:0050995),0.04407449493169267,23.92917166866747,74.70385911458476,PDE3B,0.1087374217518923,1
279,Regulation Of Epithelial Cell Differentiation (GO:0030856),0.04407449493169267,23.92917166866747,74.70385911458476,BLTP1,0.1087374217518923,1
280,Negative Regulation Of Lipid Storage (GO:0010888),0.04407449493169267,23.92917166866747,74.70385911458476,PPARG,0.1087374217518923,1
281,Vesicle-Mediated Transport In Synapse (GO:0099003),0.04407449493169267,23.92917166866747,74.70385911458476,SYT10,0.1087374217518923,1
282,Regulation Of Lymphocyte Activation (GO:0051249),0.04407449493169267,23.92917166866747,74.70385911458476,LEP,0.1087374217518923,1
283,Regulation Of Lymphocyte Proliferation (GO:0050670),0.04407449493169267,23.92917166866747,74.70385911458476,LEP,0.1087374217518923,1
284,Associative Learning (GO:0008306),0.04407449493169267,23.92917166866747,74.70385911458476,ADCY3,0.1087374217518923,1
285,Pulmonary Valve Morphogenesis (GO:0003184),0.04407449493169267,23.92917166866747,74.70385911458476,ROBO1,0.1087374217518923,1
286,Positive Regulation Of CREB Transcription Factor Activity (GO:0032793),0.04407449493169267,23.92917166866747,74.70385911458476,CRTC1,0.1087374217518923,1
287,Positive Regulation Of G Protein-Coupled Receptor Signaling Pathway (GO:0045745),0.04407449493169267,23.92917166866747,74.70385911458476,MRAP2,0.1087374217518923,1
288,Regulation Of Vascular Endothelial Cell Proliferation (GO:1905562),0.04407449493169267,23.92917166866747,74.70385911458476,PPARG,0.1087374217518923,1
289,Positive Regulation Of Cyclin-Dependent Protein Kinase Activity (GO:1904031),0.04407449493169267,23.92917166866747,74.70385911458476,CCND2,0.1087374217518923,1
290,Regulation Of Cellular Response To Growth Factor Stimulus (GO:0090287),0.04646645529524364,22.598639455782312,69.35578082800635,TFAP2B,0.11192764400509701,1
291,Positive Regulation Of Hormone Secretion (GO:0046887),0.04646645529524364,22.598639455782312,69.35578082800635,PPARG,0.11192764400509701,1
292,RNA Destabilization (GO:0050779),0.04646645529524364,22.598639455782312,69.35578082800635,FTO,0.11192764400509701,1
293,Leukocyte Adhesion To Vascular Endothelial Cell (GO:0061756),0.04646645529524364,22.598639455782312,69.35578082800635,SLC39A8,0.11192764400509701,1
294,Bicarbonate Transport (GO:0015701),0.04646645529524364,22.598639455782312,69.35578082800635,SLC39A8,0.11192764400509701,1
295,Mitotic Sister Chromatid Cohesion (GO:0007064),0.04646645529524364,22.598639455782312,69.35578082800635,NPC1,0.11192764400509701,1
296,Regulation Of Vascular Endothelial Growth Factor Signaling Pathway (GO:1900746),0.04646645529524364,22.598639455782312,69.35578082800635,ROBO1,0.11192764400509701,1
297,DNA Unwinding Involved In DNA Replication (GO:0006268),0.04885254998202776,21.408163265306122,64.63014669364038,MCM6,0.11420284635142881,1
298,Negative Regulation Of miRNA Transcription (GO:1902894),0.04885254998202776,21.408163265306122,64.63014669364038,PPARG,0.11420284635142881,1
299,Negative Regulation Of Protein Localization To Cell Periphery (GO:1904376),0.04885254998202776,21.408163265306122,64.63014669364038,MRAP2,0.11420284635142881,1
300,Negative Regulation Of Protein Localization To Plasma Membrane (GO:1903077),0.04885254998202776,21.408163265306122,64.63014669364038,MRAP2,0.11420284635142881,1
301,Intracellular Monoatomic Ion Homeostasis (GO:0006873),0.04885254998202776,21.408163265306122,64.63014669364038,SLC39A8,0.11420284635142881,1
302,Limb Morphogenesis (GO:0035108),0.04885254998202776,21.408163265306122,64.63014669364038,TFAP2B,0.11420284635142881,1
303,Mesoderm Formation (GO:0001707),0.04885254998202776,21.408163265306122,64.63014669364038,HMGA2,0.11420284635142881,1
304,Pulmonary Valve Development (GO:0003177),0.04885254998202776,21.408163265306122,64.63014669364038,ROBO1,0.11420284635142881,1
305,Myoblast Differentiation (GO:0045445),0.04885254998202776,21.408163265306122,64.63014669364038,TCF7L2,0.11420284635142881,1
306,Positive Regulation Of Nucleic Acid-Templated Transcription (GO:1903508),0.05011510926370668,3.050082553659879,9.130216958284663,TFAP2B|ZFHX3|HMGA2|PPARG,0.11648417819426103,4
307,Regulation Of Cell Adhesion (GO:0030155),0.05037319219466424,5.812206572769953,17.368594502988177,ZFHX3|PDE3B,0.11648417819426103,2
308,Positive Regulation Of Protein Kinase Activity (GO:0045860),0.05099795041423388,5.771270396270396,17.175126609053667,RPTOR|HMGA2,0.11648417819426103,2
309,Negative Regulation Of miRNA Metabolic Process (GO:2000629),0.0512327930672156,20.336734693877553,60.42807445408675,PPARG,0.11648417819426103,1
310,Zinc Ion Transmembrane Transport (GO:0071577),0.0512327930672156,20.336734693877553,60.42807445408675,SLC39A8,0.11648417819426103,1
311,Cellular Response To Nerve Growth Factor Stimulus (GO:1990090),0.0512327930672156,20.336734693877553,60.42807445408675,BDNF,0.11648417819426103,1
312,Retrotransposon Silencing (GO:0010526),0.0512327930672156,20.336734693877553,60.42807445408675,UBR2,0.11648417819426103,1
313,Negative Regulation Of Gene Expression (GO:0010629),0.05161981705078256,3.7602070155261647,11.144688167372845,FGF19|PPARG|ROBO1,0.11648417819426103,3
314,Regulation Of Cold-Induced Thermogenesis (GO:0120161),0.05162552638062621,5.730902777777778,16.984900248335105,LEP|LEPR,0.11648417819426103,2
315,Negative Regulation Of Response To External Stimulus (GO:0032102),0.05162552638062621,5.730902777777778,16.984900248335105,SLC39A8|PPARG,0.11648417819426103,2
316,Neuron Projection Morphogenesis (GO:0048812),0.05162552638062621,5.730902777777778,16.984900248335105,ANKRD27|BDNF,0.11648417819426103,2
317,Protein Glycosylation (GO:0006486),0.05225590275475163,5.691091954022989,16.797840801779476,NPC1|SLC39A8,0.11653028232094104,2
318,Axon Guidance (GO:0007411),0.053524987621642296,5.613095238095238,16.432935090777736,BDNF|NRXN3,0.11653028232094104,2
319,Negative Regulation Of DNA-binding Transcription Factor Activity (GO:0043433),0.053524987621642296,5.613095238095238,16.432935090777736,TCF7L2|MAP2K5,0.11653028232094104,2
320,Negative Regulation Of Extrinsic Apoptotic Signaling Pathway In Absence Of Ligand (GO:2001240),0.05360719859925478,19.367346938775512,56.67024999786951,MAP2K5,0.11653028232094104,1
321,Regulation Of Dopamine Secretion (GO:0014059),0.05360719859925478,19.367346938775512,56.67024999786951,SYT10,0.11653028232094104,1
322,Negative Regulation Of Signal Transduction In Absence Of Ligand (GO:1901099),0.05360719859925478,19.367346938775512,56.67024999786951,MAP2K5,0.11653028232094104,1
323,Blood Vessel Endothelial Cell Migration (GO:0043534),0.05360719859925478,19.367346938775512,56.67024999786951,ROBO1,0.11653028232094104,1
324,Organelle Fission (GO:0048285),0.05360719859925478,19.367346938775512,56.67024999786951,SEC16B,0.11653028232094104,1
325,Cellular Response To Cadmium Ion (GO:0071276),0.05360719859925478,19.367346938775512,56.67024999786951,SLC39A8,0.11653028232094104,1
326,Cellular Response To Low-Density Lipoprotein Particle Stimulus (GO:0071404),0.05360719859925478,19.367346938775512,56.67024999786951,PPARG,0.11653028232094104,1
327,Negative Regulation Of G Protein-Coupled Receptor Signaling Pathway (GO:0045744),0.05360719859925478,19.367346938775512,56.67024999786951,MRAP2,0.11653028232094104,1
328,Positive Regulation Of Cholesterol Efflux (GO:0010875),0.05360719859925478,19.367346938775512,56.67024999786951,PPARG,0.11653028232094104,1
329,Cellular Response To Organic Cyclic Compound (GO:0071407),0.0554491879134877,5.5,15.907585158720506,ADCY3|ADCY5,0.11763662429620676,2
330,Regulation Of Cellular Response To Transforming Growth Factor Beta Stimulus (GO:1903844),0.05597578058787951,18.4860853432282,53.29235549319145,PPARG,0.11763662429620676,1
331,Negative Regulation Of Extrinsic Apoptotic Signaling Pathway Via Death Domain Receptors (GO:1902042),0.05597578058787951,18.4860853432282,53.29235549319145,FAIM2,0.11763662429620676,1
332,Positive Regulation Of Neuron Apoptotic Process (GO:0043525),0.05597578058787951,18.4860853432282,53.29235549319145,TFAP2B,0.11763662429620676,1
333,Regulation Of Lipid Catabolic Process (GO:0050994),0.05597578058787951,18.4860853432282,53.29235549319145,PDE3B,0.11763662429620676,1
334,Zinc Ion Transport (GO:0006829),0.05597578058787951,18.4860853432282,53.29235549319145,SLC39A8,0.11763662429620676,1
335,Regulation Of Myotube Differentiation (GO:0010830),0.05597578058787951,18.4860853432282,53.29235549319145,BDNF,0.11763662429620676,1
336,Artery Development (GO:0060840),0.05597578058787951,18.4860853432282,53.29235549319145,ROBO1,0.11763662429620676,1
337,Long-Chain Fatty Acid Transport (GO:0015909),0.05597578058787951,18.4860853432282,53.29235549319145,PPARG,0.11763662429620676,1
338,Cholesterol Efflux (GO:0033344),0.05597578058787951,18.4860853432282,53.29235549319145,NPC1,0.11763662429620676,1
339,Entrainment Of Circadian Clock By Photoperiod (GO:0043153),0.05597578058787951,18.4860853432282,53.29235549319145,CRTC1,0.11763662429620676,1
340,Regulation Of Cellular Component Organization (GO:0051128),0.05609600597575077,5.463300220750551,15.73807793899423,RPTOR|BLTP1,0.11763662429620676,2
341,Positive Regulation Of Lipid Metabolic Process (GO:0045834),0.05833855301300996,17.68145519077196,50.24171555062859,RPTOR,0.11884396656650315,1
342,Regulation Of Heterotypic Cell-Cell Adhesion (GO:0034114),0.05833855301300996,17.68145519077196,50.24171555062859,MAP2K5,0.11884396656650315,1
343,Positive Regulation Of p38MAPK Cascade (GO:1900745),0.05833855301300996,17.68145519077196,50.24171555062859,LEP,0.11884396656650315,1
344,Positive Regulation Of Peptidyl-Threonine Phosphorylation (GO:0010800),0.05833855301300996,17.68145519077196,50.24171555062859,RPTOR,0.11884396656650315,1
345,Outflow Tract Septum Morphogenesis (GO:0003148),0.05833855301300996,17.68145519077196,50.24171555062859,ROBO1,0.11884396656650315,1
346,Peroxisome Organization (GO:0007031),0.05833855301300996,17.68145519077196,50.24171555062859,SEC16B,0.11884396656650315,1
347,Photoperiodism (GO:0009648),0.05833855301300996,17.68145519077196,50.24171555062859,CRTC1,0.11884396656650315,1
348,Mononuclear Cell Differentiation (GO:1903131),0.05833855301300996,17.68145519077196,50.24171555062859,PPARG,0.11884396656650315,1
349,Response To Hexose (GO:0009746),0.05833855301300996,17.68145519077196,50.24171555062859,TCF7L2,0.11884396656650315,1
350,Early Endosome To Late Endosome Transport (GO:0045022),0.05833855301300996,17.68145519077196,50.24171555062859,ANKRD27,0.11884396656650315,1
351,Positive Regulation Of Glucose Import (GO:0046326),0.06069552982417541,16.943877551020407,47.47480020477031,FGF19,0.12088243789004766,1
352,Sterol Transport (GO:0015918),0.06069552982417541,16.943877551020407,47.47480020477031,NPC1,0.12088243789004766,1
353,Regulation Of Double-Strand Break Repair Via Nonhomologous End Joining (GO:2001032),0.06069552982417541,16.943877551020407,47.47480020477031,HMGA2,0.12088243789004766,1
354,Negative Regulation Of Protein Localization To Membrane (GO:1905476),0.06069552982417541,16.943877551020407,47.47480020477031,MRAP2,0.12088243789004766,1
355,Vesicle-Mediated Transport Between Endosomal Compartments (GO:0098927),0.06069552982417541,16.943877551020407,47.47480020477031,ANKRD27,0.12088243789004766,1
356,Negative Regulation Of Transposition (GO:0010529),0.06069552982417541,16.943877551020407,47.47480020477031,UBR2,0.12088243789004766,1
357,Negative Regulation Of TORC1 Signaling (GO:1904262),0.06069552982417541,16.943877551020407,47.47480020477031,NPC1,0.12088243789004766,1
358,Regulation Of Cell Size (GO:0008361),0.06069552982417541,16.943877551020407,47.47480020477031,RPTOR,0.12088243789004766,1
359,Negative Regulation Of Lipid Metabolic Process (GO:0045833),0.06304672495404354,16.26530612244898,44.95534064809558,PDE3B,0.12417766544815757,1
360,Calcium-Ion Regulated Exocytosis (GO:0017156),0.06304672495404354,16.26530612244898,44.95534064809558,SYT10,0.12417766544815757,1
361,Regulation Of Transcription By RNA Polymerase III (GO:0006359),0.06304672495404354,16.26530612244898,44.95534064809558,RPTOR,0.12417766544815757,1
362,Response To Glucocorticoid (GO:0051384),0.06304672495404354,16.26530612244898,44.95534064809558,CALCR,0.12417766544815757,1
363,Regulation Of Extrinsic Apoptotic Signaling Pathway In Absence Of Ligand (GO:2001239),0.06539215225886762,15.638932496075354,42.652889831563165,MAP2K5,0.12641812612021755,1
364,Regulation Of Insulin Secretion Involved In Cellular Response To Glucose Stimulus (GO:0061178),0.06539215225886762,15.638932496075354,42.652889831563165,ADCY5,0.12641812612021755,1
365,Ventricular Septum Morphogenesis (GO:0060412),0.06539215225886762,15.638932496075354,42.652889831563165,ROBO1,0.12641812612021755,1
366,Regulation Of Mitochondrial Fission (GO:0090140),0.06539215225886762,15.638932496075354,42.652889831563165,PPARG,0.12641812612021755,1
367,Cellular Response To Acid Chemical (GO:0071229),0.06539215225886762,15.638932496075354,42.652889831563165,RPTOR,0.12641812612021755,1
368,Regulation Of Catecholamine Secretion (GO:0050433),0.06539215225886762,15.638932496075354,42.652889831563165,SYT10,0.12641812612021755,1
369,Membrane Organization (GO:0061024),0.06542536961901863,4.996212121212121,13.623896946353439,NPC1|BLTP1,0.12641812612021755,2
370,Regulation Of Lipid Biosynthetic Process (GO:0046890),0.0677318256109869,15.058956916099774,40.541710435272364,RPTOR,0.12878077776168975,1
371,Regulation Of Nitric-Oxide Synthase Activity (GO:0050999),0.0677318256109869,15.058956916099774,40.541710435272364,LEP,0.12878077776168975,1
372,Cellular Response To Osmotic Stress (GO:0071470),0.0677318256109869,15.058956916099774,40.541710435272364,RPTOR,0.12878077776168975,1
373,Pyroptosis (GO:0070269),0.0677318256109869,15.058956916099774,40.541710435272364,DPP9,0.12878077776168975,1
374,Regulation Of Bone Resorption (GO:0045124),0.0677318256109869,15.058956916099774,40.541710435272364,MC4R,0.12878077776168975,1
375,Regulation Of Calcium Ion-Dependent Exocytosis (GO:0017158),0.0677318256109869,15.058956916099774,40.541710435272364,SYT10,0.12878077776168975,1
376,Regulation Of Developmental Growth (GO:0048638),0.07006575883720893,14.520408163265307,38.5999069065122,LEP,0.13181236425047485,1
377,TOR Signaling (GO:0031929),0.07006575883720893,14.520408163265307,38.5999069065122,RPTOR,0.13181236425047485,1
378,Chondrocyte Differentiation (GO:0002062),0.07006575883720893,14.520408163265307,38.5999069065122,HMGA2,0.13181236425047485,1
379,Negative Regulation Of DNA Binding (GO:0043392),0.07006575883720893,14.520408163265307,38.5999069065122,HMGA2,0.13181236425047485,1
380,Regulation Of Macrophage Derived Foam Cell Differentiation (GO:0010743),0.0723939657090184,14.019000703729768,36.80874147674154,PPARG,0.13318208995468375,1
381,Artery Morphogenesis (GO:0048844),0.0723939657090184,14.019000703729768,36.80874147674154,TFAP2B,0.13318208995468375,1
382,Regulation Of Vasculature Development (GO:1901342),0.0723939657090184,14.019000703729768,36.80874147674154,LEP,0.13318208995468375,1
383,Response To Amino Acid (GO:0043200),0.0723939657090184,14.019000703729768,36.80874147674154,RPTOR,0.13318208995468375,1
384,Regulation Of Cell Migration Involved In Sprouting Angiogenesis (GO:0090049),0.0723939657090184,14.019000703729768,36.80874147674154,MAP2K5,0.13318208995468375,1
385,Positive Regulation Of ERK1 And ERK2 Cascade (GO:0070374),0.07380611238780652,4.654661016949152,12.131506903576025,CALCR|FGF19,0.13318208995468375,2
386,Endosomal Transport (GO:0016197),0.07451958870561042,4.628277153558052,12.018216055401327,ANKRD27|BLTP1,0.13318208995468375,2
387,Positive Regulation Of Glucose Transmembrane Transport (GO:0010828),0.07471646000262763,13.551020408163266,35.15209038871121,FGF19,0.13318208995468375,1
388,Regulation Of Extrinsic Apoptotic Signaling Pathway Via Death Domain Receptors (GO:1902041),0.07471646000262763,13.551020408163266,35.15209038871121,FAIM2,0.13318208995468375,1
389,Glutamine Family Amino Acid Metabolic Process (GO:0009064),0.07471646000262763,13.551020408163266,35.15209038871121,SLC39A8,0.13318208995468375,1
390,Bile Acid Metabolic Process (GO:0008206),0.07471646000262763,13.551020408163266,35.15209038871121,NPC1,0.13318208995468375,1
391,Presynaptic Endocytosis (GO:0140238),0.07471646000262763,13.551020408163266,35.15209038871121,BLTP1,0.13318208995468375,1
392,Regulation Of Protein Localization To Cell Surface (GO:2000008),0.07471646000262763,13.551020408163266,35.15209038871121,BDNF,0.13318208995468375,1
393,Regulation Of Transmembrane Receptor Protein Serine/Threonine Kinase Signaling Pathway (GO:0090092),0.07471646000262763,13.551020408163266,35.15209038871121,TFAP2B,0.13318208995468375,1
394,Central Nervous System Neuron Differentiation (GO:0021953),0.07471646000262763,13.551020408163266,35.15209038871121,FAIM2,0.13318208995468375,1
395,Positive Regulation Of Rho Protein Signal Transduction (GO:0035025),0.07471646000262763,13.551020408163266,35.15209038871121,ROBO1,0.13318208995468375,1
396,Negative Chemotaxis (GO:0050919),0.07471646000262763,13.551020408163266,35.15209038871121,ROBO1,0.13318208995468375,1
397,Positive Regulation Of Cholesterol Transport (GO:0032376),0.07471646000262763,13.551020408163266,35.15209038871121,PPARG,0.13318208995468375,1
398,Endodermal Cell Differentiation (GO:0035987),0.07471646000262763,13.551020408163266,35.15209038871121,HMGA2,0.13318208995468375,1
399,Negative Regulation Of Chemotaxis (GO:0050922),0.07471646000262763,13.551020408163266,35.15209038871121,ROBO1,0.13318208995468375,1
400,Regulation Of Cell Morphogenesis (GO:0022604),0.07471646000262763,13.551020408163266,35.15209038871121,SPARC,0.13318208995468375,1
401,Regulation Of Cholesterol Efflux (GO:0010874),0.07703325543276686,13.113232389730086,33.61600807740255,PPARG,0.13561657067546362,1
402,Transition Metal Ion Transport (GO:0000041),0.07703325543276686,13.113232389730086,33.61600807740255,SLC39A8,0.13561657067546362,1
403,Negative Regulation Of Osteoblast Differentiation (GO:0045668),0.07703325543276686,13.113232389730086,33.61600807740255,PPARG,0.13561657067546362,1
404,Positive Regulation Of Synapse Assembly (GO:0051965),0.07703325543276686,13.113232389730086,33.61600807740255,BDNF,0.13561657067546362,1
405,Regulation Of Natural Killer Cell Mediated Cytotoxicity (GO:0042269),0.07703325543276686,13.113232389730086,33.61600807740255,LEP,0.13561657067546362,1
406,Negative Regulation Of Double-Strand Break Repair (GO:2000780),0.0793443657059371,12.70280612244898,32.18837516559274,HMGA2,0.13764606508110255,1
407,Positive Regulation Of Nitrogen Compound Metabolic Process (GO:0051173),0.0793443657059371,12.70280612244898,32.18837516559274,MAP2K5,0.13764606508110255,1
408,Positive Regulation Of Small Molecule Metabolic Process (GO:0062013),0.0793443657059371,12.70280612244898,32.18837516559274,RPTOR,0.13764606508110255,1
409,Positive Regulation Of DNA Binding (GO:0043388),0.0793443657059371,12.70280612244898,32.18837516559274,PPARG,0.13764606508110255,1
410,Positive Regulation Of Notch Signaling Pathway (GO:0045747),0.0793443657059371,12.70280612244898,32.18837516559274,ROBO1,0.13764606508110255,1
411,Regulation Of Cell Adhesion Mediated By Integrin (GO:0033628),0.0793443657059371,12.70280612244898,32.18837516559274,PDE3B,0.13764606508110255,1
412,Axonogenesis (GO:0007409),0.08030707404949645,4.42741935483871,11.165498097498467,BDNF|NRXN3,0.13897801892546352,2
413,Positive Regulation Of Neuron Death (GO:1901216),0.0816498044624026,12.317254174397032,30.85861216573232,TFAP2B,0.14061910768524893,1
414,Positive Regulation Of Carbohydrate Metabolic Process (GO:0045913),0.0816498044624026,12.317254174397032,30.85861216573232,RPTOR,0.14061910768524893,1
415,Neuron Projection Development (GO:0031175),0.08325238225198861,4.333333333333333,10.772140317863167,ANKRD27|BDNF,0.14217590109881822,2
416,Protein Localization To Membrane (GO:0072657),0.08325238225198861,4.333333333333333,10.772140317863167,NPC1|MRAP2,0.14217590109881822,2
417,Regulation Of Cellular Senescence (GO:2000772),0.08394958536129378,11.95438175270108,29.617445035780882,HMGA2,0.14217590109881822,1
418,One-Carbon Compound Transport (GO:0019755),0.08394958536129378,11.95438175270108,29.617445035780882,SLC39A8,0.14217590109881822,1
419,Regulation Of Regulated Secretory Pathway (GO:1903305),0.08394958536129378,11.95438175270108,29.617445035780882,SYT10,0.14217590109881822,1
420,Response To Nutrient Levels (GO:0031667),0.08394958536129378,11.95438175270108,29.617445035780882,RPTOR,0.14217590109881822,1
421,Endoderm Formation (GO:0001706),0.08394958536129378,11.95438175270108,29.617445035780882,HMGA2,0.14217590109881822,1
422,Base-Excision Repair (GO:0006284),0.08624372197430759,11.612244897959183,28.456712045041098,HMGA2,0.14502776832000308,1
423,Regulation Of Peptidyl-Threonine Phosphorylation (GO:0010799),0.08624372197430759,11.612244897959183,28.456712045041098,RPTOR,0.14502776832000308,1
424,Receptor Signaling Pathway Via JAK-STAT (GO:0007259),0.08624372197430759,11.612244897959183,28.456712045041098,LEP,0.14502776832000308,1
425,Negative Regulation Of Endothelial Cell Migration (GO:0010596),0.08853222789026767,11.289115646258503,27.36920368672352,PPARG,0.1457817055098403,1
426,Synaptic Vesicle Cycle (GO:0099504),0.08853222789026767,11.289115646258503,27.36920368672352,SYT10,0.1457817055098403,1
427,Ventricular Septum Development (GO:0003281),0.08853222789026767,11.289115646258503,27.36920368672352,ROBO1,0.1457817055098403,1
428,Negative Regulation Of Smooth Muscle Cell Proliferation (GO:0048662),0.08853222789026767,11.289115646258503,27.36920368672352,PPARG,0.1457817055098403,1
429,Positive Regulation Of Receptor Signaling Pathway Via JAK-STAT (GO:0046427),0.08853222789026767,11.289115646258503,27.36920368672352,LEP,0.1457817055098403,1
430,Positive Regulation Of Receptor Signaling Pathway Via STAT (GO:1904894),0.08853222789026767,11.289115646258503,27.36920368672352,LEP,0.1457817055098403,1
431,Aortic Valve Morphogenesis (GO:0003180),0.08853222789026767,11.289115646258503,27.36920368672352,ROBO1,0.1457817055098403,1
432,Regulation Of p38MAPK Cascade (GO:1900744),0.08853222789026767,11.289115646258503,27.36920368672352,LEP,0.1457817055098403,1
433,Regulation Of Vascular Associated Smooth Muscle Cell Proliferation (GO:1904705),0.08853222789026767,11.289115646258503,27.36920368672352,PPARG,0.1457817055098403,1
434,Negative Regulation Of Epithelial Cell Apoptotic Process (GO:1904036),0.09081511663134849,10.983452840595698,26.34852930034076,TCF7L2,0.1474969889707323,1
435,Fatty Acid Transport (GO:0015908),0.09081511663134849,10.983452840595698,26.34852930034076,PPARG,0.1474969889707323,1
436,mRNA Transcription By RNA Polymerase II (GO:0042789),0.09081511663134849,10.983452840595698,26.34852930034076,PPARG,0.1474969889707323,1
437,Response To Peptide (GO:1901652),0.09081511663134849,10.983452840595698,26.34852930034076,CALCR,0.1474969889707323,1
438,Response To Transforming Growth Factor Beta (GO:0071559),0.09081511663134849,10.983452840595698,26.34852930034076,ZFHX3,0.1474969889707323,1
439,Signal Release From Synapse (GO:0099643),0.09081511663134849,10.983452840595698,26.34852930034076,SYT10,0.1474969889707323,1
440,Positive Regulation Of Lipid Biosynthetic Process (GO:0046889),0.09309240170465724,10.693877551020408,25.38900533231373,RPTOR,0.1501694172294584,1
441,Fibroblast Growth Factor Receptor Signaling Pathway (GO:0008543),0.09309240170465724,10.693877551020408,25.38900533231373,FGF19,0.1501694172294584,1
442,Negative Regulation Of Mitochondrion Organization (GO:0010823),0.09309240170465724,10.693877551020408,25.38900533231373,PPARG,0.1501694172294584,1
443,Nervous System Development (GO:0007399),0.09383954130010229,2.8975754576942108,6.856153115237208,BDNF|FGF19|ROBO1,0.15103294118955515,3
444,Positive Regulation Of Insulin Secretion (GO:0032024),0.09536409657552716,10.419152276295133,24.485561288951835,TCF7L2,0.15143563665556986,1
445,Synaptic Vesicle Endocytosis (GO:0048488),0.09536409657552716,10.419152276295133,24.485561288951835,BLTP1,0.15143563665556986,1
446,Notch Signaling Pathway (GO:0007219),0.09536409657552716,10.419152276295133,24.485561288951835,CRTC1,0.15143563665556986,1
447,Regulation Of Glycolytic Process (GO:0006110),0.09536409657552716,10.419152276295133,24.485561288951835,RPTOR,0.15143563665556986,1
448,Aortic Valve Development (GO:0003176),0.09536409657552716,10.419152276295133,24.485561288951835,ROBO1,0.15143563665556986,1
449,Negative Regulation Of Cell-Cell Adhesion (GO:0022408),0.09536409657552716,10.419152276295133,24.485561288951835,MAP2K5,0.15143563665556986,1
450,Stem Cell Differentiation (GO:0048863),0.09763021468476817,10.158163265306122,23.633660200289185,HMGA2,0.15400518378371617,1
451,DNA Duplex Unwinding (GO:0032508),0.09763021468476817,10.158163265306122,23.633660200289185,MCM6,0.15400518378371617,1
452,Synaptic Vesicle Exocytosis (GO:0016079),0.09763021468476817,10.158163265306122,23.633660200289185,SYT10,0.15400518378371617,1
453,Regulation Of Apoptotic Process (GO:0042981),0.09899492173156249,2.3877690256155804,5.522161729827095,TFAP2B|CCND2|HMGA2|FAIM2,0.15581319910508623,4
454,Modulation By Host Of Symbiont Process (GO:0051851),0.09989076947033614,9.909905425584869,22.829231064333683,HMGA2,0.1558470867228658,1
455,Negative Regulation Of I-kappaB kinase/NF-kappaB Signaling (GO:0043124),0.09989076947033614,9.909905425584869,22.829231064333683,SLC39A8,0.1558470867228658,1
456,Positive Regulation Of Calcium Ion Transmembrane Transport (GO:1904427),0.09989076947033614,9.909905425584869,22.829231064333683,CALCR,0.1558470867228658,1
457,Regulation Of Axonogenesis (GO:0050770),0.09989076947033614,9.909905425584869,22.829231064333683,ROBO1,0.1558470867228658,1
458,Positive Regulation Of miRNA Transcription (GO:1902895),0.10214577427941592,9.673469387755102,22.068611238785657,PPARG,0.15628741858631662,1
459,Neurotransmitter Secretion (GO:0007269),0.10214577427941592,9.673469387755102,22.068611238785657,SYT10,0.15628741858631662,1
460,Learning (GO:0007612),0.10214577427941592,9.673469387755102,22.068611238785657,NRXN3,0.15628741858631662,1
461,Regulation Of Primary Metabolic Process (GO:0080090),0.10214577427941592,9.673469387755102,22.068611238785657,PPARG,0.15628741858631662,1
462,mRNA Destabilization (GO:0061157),0.10214577427941592,9.673469387755102,22.068611238785657,FTO,0.15628741858631662,1
463,mRNA Transcription (GO:0009299),0.10214577427941592,9.673469387755102,22.068611238785657,PPARG,0.15628741858631662,1
464,Response To Amyloid-Beta (GO:1904645),0.10214577427941592,9.673469387755102,22.068611238785657,CALCR,0.15628741858631662,1
465,Negative Regulation Of BMP Signaling Pathway (GO:0030514),0.10214577427941592,9.673469387755102,22.068611238785657,PPARG,0.15628741858631662,1
466,Regulation Of Cellular Component Size (GO:0032535),0.10214577427941592,9.673469387755102,22.068611238785657,RPTOR,0.15628741858631662,1
467,Regulation Of DNA-templated Transcription (GO:0006355),0.10274377302486647,1.7948947604120018,4.084313595463984,TFAP2B|TCF7L2|ZFHX3|HMGA2|SLC39A8|PPARG|SIM1|ETV5,0.15686576052832932,8
468,Regulation Of Nucleic Acid-Templated Transcription (GO:1903506),0.10339509534986012,2.772259868265176,6.290805860435539,ZFHX3|HMGA2|SLC39A8,0.15752286962489373,3
469,Synaptic Vesicle Recycling (GO:0036465),0.10439524246477773,9.448030374940673,21.34849709415977,BLTP1,0.15803356237237054,1
470,Regulation Of Transport (GO:0051049),0.10439524246477773,9.448030374940673,21.34849709415977,LEPR,0.15803356237237054,1
471,Positive Regulation Of Biosynthetic Process (GO:0009891),0.10439524246477773,9.448030374940673,21.34849709415977,RPTOR,0.15803356237237054,1
472,Positive Regulation Of mRNA Catabolic Process (GO:0061014),0.10663918735293466,9.232838589981448,20.665901611884028,FTO,0.1604087354064186,1
473,Hexose Metabolic Process (GO:0019318),0.10663918735293466,9.232838589981448,20.665901611884028,TFAP2B,0.1604087354064186,1
474,Chromosome Organization (GO:0051276),0.10663918735293466,9.232838589981448,20.665901611884028,TCF7L2,0.1604087354064186,1
475,Regulation Of Cytokine Production Involved In Inflammatory Response (GO:1900015),0.10887762220856746,9.02721088435374,20.018117808730278,LEP,0.16206627272381754,1
476,Vacuolar Transport (GO:0007034),0.10887762220856746,9.02721088435374,20.018117808730278,NPC1,0.16206627272381754,1
477,Positive Regulation Of Peptide Hormone Secretion (GO:0090277),0.10887762220856746,9.02721088435374,20.018117808730278,TCF7L2,0.16206627272381754,1
478,Response To Glucose (GO:0009749),0.10887762220856746,9.02721088435374,20.018117808730278,TCF7L2,0.16206627272381754,1
479,Negative Regulation Of Cellular Metabolic Process (GO:0031324),0.10887762220856746,9.02721088435374,20.018117808730278,HMGA2,0.16206627272381754,1
480,Regulation Of Cell Growth (GO:0001558),0.1103380372278293,3.6527777777777777,8.0514767388936,RPTOR|BLTP1,0.1637297194672845,2
481,Epithelial To Mesenchymal Transition (GO:0001837),0.11111056030365549,8.830523513753327,19.402687070536402,HMGA2,0.1637297194672845,1
482,Negative Regulation Of Tumor Necrosis Factor Production (GO:0032720),0.11111056030365549,8.830523513753327,19.402687070536402,POMC,0.1637297194672845,1
483,Positive Regulation Of Epithelial To Mesenchymal Transition (GO:0010718),0.11111056030365549,8.830523513753327,19.402687070536402,TCF7L2,0.1637297194672845,1
484,Cellular Response To Lipid (GO:0071396),0.11114331587961529,3.6364306784660765,7.989001019548246,ADCY3|ADCY5,0.1637297194672845,2
485,Chloride Transmembrane Transport (GO:1902476),0.11333801483691312,8.642205818497612,18.81737166641443,ANO4,0.1666185661416888,1
486,Positive Regulation Of Developmental Process (GO:0051094),0.11519321801475478,3.5568181818181817,7.686797709159083,LEP|PPARG,0.16815159041399505,2
487,Positive Regulation Of miRNA Metabolic Process (GO:2000630),0.11555999902224065,8.46173469387755,18.260130793597916,PPARG,0.16815159041399505,1
488,Positive Regulation Of Pathway-Restricted SMAD Protein Phosphorylation (GO:0010862),0.11555999902224065,8.46173469387755,18.260130793597916,PPARG,0.16815159041399505,1
489,Negative Regulation Of Tumor Necrosis Factor Superfamily Cytokine Production (GO:1903556),0.11555999902224065,8.46173469387755,18.260130793597916,POMC,0.16815159041399505,1
490,Negative Regulation Of Cysteine-Type Endopeptidase Activity Involved In Apoptotic Process (GO:0043154),0.11555999902224065,8.46173469387755,18.260130793597916,MAP2K5,0.16815159041399505,1
491,"G Protein-Coupled Receptor Signaling Pathway, Coupled To Cyclic Nucleotide Second Messenger (GO:0007187)",0.1177765260040411,8.28862973760933,17.7290996615035,MC3R,0.17033400211132108,1
492,Regulation Of TORC1 Signaling (GO:1903432),0.1177765260040411,8.28862973760933,17.7290996615035,NPC1,0.17033400211132108,1
493,Positive Regulation Of Fat Cell Differentiation (GO:0045600),0.1177765260040411,8.28862973760933,17.7290996615035,PPARG,0.17033400211132108,1
494,Amide Biosynthetic Process (GO:0043604),0.11998760892209076,8.122448979591837,17.22257115519733,PCSK1,0.17144522076443028,1
495,Regulation Of Synapse Assembly (GO:0051963),0.11998760892209076,8.122448979591837,17.22257115519733,BDNF,0.17144522076443028,1
496,Regulated Exocytosis (GO:0045055),0.11998760892209076,8.122448979591837,17.22257115519733,SYT10,0.17144522076443028,1
497,Positive Regulation Of Ras Protein Signal Transduction (GO:0046579),0.11998760892209076,8.122448979591837,17.22257115519733,ROBO1,0.17144522076443028,1
498,Cholesterol Transport (GO:0030301),0.11998760892209076,8.122448979591837,17.22257115519733,NPC1,0.17144522076443028,1
499,Negative Regulation Of MAP Kinase Activity (GO:0043407),0.11998760892209076,8.122448979591837,17.22257115519733,PPARG,0.17144522076443028,1
500,Regulation Of Inflammatory Response (GO:0050727),0.12092665623398641,3.450980392156863,7.290441318878535,SLC39A8|PPARG,0.17218141304519882,2
501,Sprouting Angiogenesis (GO:0002040),0.12219326087078625,7.9627851140456185,16.738979733033663,ROBO1,0.17218141304519882,1
502,Negative Regulation Of Response To Stimulus (GO:0048585),0.12219326087078625,7.9627851140456185,16.738979733033663,MAP2K5,0.17218141304519882,1
503,Adenylate Cyclase-Inhibiting G Protein-Coupled Receptor Signaling Pathway (GO:0007193),0.12219326087078625,7.9627851140456185,16.738979733033663,ADCY5,0.17218141304519882,1
504,Regulation Of Protein Localization To Nucleus (GO:1900180),0.12219326087078625,7.9627851140456185,16.738979733033663,TCF7L2,0.17218141304519882,1
505,Cartilage Development (GO:0051216),0.12219326087078625,7.9627851140456185,16.738979733033663,HMGA2,0.17218141304519882,1
506,Cell Cycle G1/S Phase Transition (GO:0044843),0.12219326087078625,7.9627851140456185,16.738979733033663,CCND2,0.17218141304519882,1
507,Regulation Of Cell Population Proliferation (GO:0042127),0.12392302169518322,2.1896610749743237,4.572219683106164,TFAP2B|TCF7L2|CCND2|FGF19,0.17322765990796388,4
508,Regulation Of ERK1 And ERK2 Cascade (GO:0070372),0.12423478237199924,3.3932506887052343,7.076902888304532,CALCR|FGF19,0.17322765990796388,2
509,Regulation Of Cyclin-Dependent Protein Kinase Activity (GO:1904029),0.12439349491287167,7.8092621664050235,16.276887238960814,CCND2,0.17322765990796388,1
510,Negative Regulation Of Viral Genome Replication (GO:0045071),0.12439349491287167,7.8092621664050235,16.276887238960814,HMGA2,0.17322765990796388,1
511,Regulation Of Receptor Signaling Pathway Via JAK-STAT (GO:0046425),0.12439349491287167,7.8092621664050235,16.276887238960814,LEP,0.17322765990796388,1
512,Negative Regulation Of Cysteine-Type Endopeptidase Activity (GO:2000117),0.12439349491287167,7.8092621664050235,16.276887238960814,MAP2K5,0.17322765990796388,1
513,Positive Regulation Of DNA-binding Transcription Factor Activity (GO:0051091),0.12589722864430564,3.3650956284153004,6.973451834282437,CRTC1|PPARG,0.17424222984756302,2
514,Regulation Of Lipid Metabolic Process (GO:0019216),0.1265883240687765,7.661532537543319,15.834970375184442,PPARG,0.17424222984756302,1
515,Mesenchymal Cell Differentiation (GO:0048762),0.1265883240687765,7.661532537543319,15.834970375184442,HMGA2,0.17424222984756302,1
516,Monoatomic Anion Transmembrane Transport (GO:0098656),0.1265883240687765,7.661532537543319,15.834970375184442,ANO4,0.17424222984756302,1
517,Regulation Of Blood Vessel Endothelial Cell Migration (GO:0043535),0.1265883240687765,7.661532537543319,15.834970375184442,PPARG,0.17424222984756302,1
518,Endoplasmic Reticulum Organization (GO:0007029),0.1265883240687765,7.661532537543319,15.834970375184442,SEC16B,0.17424222984756302,1
519,Cellular Response To Fibroblast Growth Factor Stimulus (GO:0044344),0.12877776139221664,7.519274376417234,15.412009607623004,FGF19,0.17691434272186987,1
520,Peptide Metabolic Process (GO:0006518),0.13096181981447472,7.382189239332097,15.00687933540933,PCSK1,0.17922414112806234,1
521,Regulation Of Stem Cell Population Maintenance (GO:2000036),0.13096181981447472,7.382189239332097,15.00687933540933,HMGA2,0.17922414112806234,1
522,Monoatomic Anion Transport (GO:0006820),0.13314051228520932,7.25,14.618539131965724,ANO4,0.18150895843088766,1
523,Chemokine-Mediated Signaling Pathway (GO:0070098),0.13314051228520932,7.25,14.618539131965724,GPR75,0.18150895843088766,1
524,Inorganic Anion Transport (GO:0015698),0.13531385173981347,7.122448979591836,14.246025949065045,ANO4,0.18307168176563,1
525,Regulation Of Neuron Death (GO:1901214),0.13531385173981347,7.122448979591836,14.246025949065045,FAIM2,0.18307168176563,1
526,Memory (GO:0007613),0.13531385173981347,7.122448979591836,14.246025949065045,BDNF,0.18307168176563,1
527,Renal System Development (GO:0072001),0.13531385173981347,7.122448979591836,14.246025949065045,TFAP2B,0.18307168176563,1
528,Glucose Metabolic Process (GO:0006006),0.1374818510452552,6.9992962702322306,13.8884471557023,TFAP2B,0.18460369076321462,1
529,Regulation Of miRNA Transcription (GO:1902893),0.1374818510452552,6.9992962702322306,13.8884471557023,PPARG,0.18460369076321462,1
530,Regulation Of Multicellular Organismal Development (GO:2000026),0.1374818510452552,6.9992962702322306,13.8884471557023,BLTP1,0.18460369076321462,1
531,Cellular Response To Chemokine (GO:1990869),0.1374818510452552,6.9992962702322306,13.8884471557023,GPR75,0.18460369076321462,1
532,Regulation Of Extrinsic Apoptotic Signaling Pathway (GO:2001236),0.13964452305344063,6.88031822898651,13.544974303558986,TCF7L2,0.18645420400206586,1
533,Homophilic Cell Adhesion Via Plasma Membrane Adhesion Molecules (GO:0007156),0.13964452305344063,6.88031822898651,13.544974303558986,ROBO1,0.18645420400206586,1
534,protein-DNA Complex Organization (GO:0071824),0.13964452305344063,6.88031822898651,13.544974303558986,HMGA2,0.18645420400206586,1
535,BMP Signaling Pathway (GO:0030509),0.1418018805927374,6.76530612244898,13.214837540593157,PPARG,0.18792702762569102,1
536,Positive Regulation Of Interleukin-8 Production (GO:0032757),0.1418018805927374,6.76530612244898,13.214837540593157,LEP,0.18792702762569102,1
537,Regulation Of Pathway-Restricted SMAD Protein Phosphorylation (GO:0060393),0.1418018805927374,6.76530612244898,13.214837540593157,PPARG,0.18792702762569102,1
538,Positive Regulation Of Cell Junction Assembly (GO:1901890),0.1418018805927374,6.76530612244898,13.214837540593157,BDNF,0.18792702762569102,1
539,Positive Regulation Of Signal Transduction (GO:0009967),0.1428070813555834,3.1070075757575757,6.047046555927847,BDNF|ROBO1,0.1889080686577569,2
540,G1/S Transition Of Mitotic Cell Cycle (GO:0000082),0.1461007034145454,6.54641211323239,12.591756250239605,CCND2,0.1921952057833411,1
541,Inorganic Anion Transmembrane Transport (GO:0098661),0.1461007034145454,6.54641211323239,12.591756250239605,ANO4,0.1921952057833411,1
542,Regulation Of Cellular Catabolic Process (GO:0031329),0.1461007034145454,6.54641211323239,12.591756250239605,RPTOR,0.1921952057833411,1
543,Protein N-linked Glycosylation (GO:0006487),0.14824219418025958,6.442176870748299,12.297522293260638,SLC39A8,0.19429537582817108,1
544,Negative Regulation Of Cell Death (GO:0060548),0.14824219418025958,6.442176870748299,12.297522293260638,DPP9,0.19429537582817108,1
545,Canonical Wnt Signaling Pathway (GO:0060070),0.15037842149138922,6.341198979591836,12.01403781811508,TCF7L2,0.19601428614873953,1
546,Positive Regulation Of T Cell Proliferation (GO:0042102),0.15037842149138922,6.341198979591836,12.01403781811508,LEP,0.19601428614873953,1
547,Positive Regulation Of Cell Cycle (GO:0045787),0.15037842149138922,6.341198979591836,12.01403781811508,CCND2,0.19601428614873953,1
548,Cellular Response To BMP Stimulus (GO:0071773),0.15250939797562668,6.243328100470958,11.740759916332207,PPARG,0.19842919846098875,1
549,Peptidyl-Tyrosine Phosphorylation (GO:0018108),0.15463513630999146,6.148423005565863,11.477180657220888,LEP,0.20082851036252078,1
550,Transmembrane Receptor Protein Tyrosine Kinase Signaling Pathway (GO:0007169),0.15841931421733033,2.9060283687943262,5.354385963176766,BDNF|FGF19,0.2040990748689228,2
551,Establishment Of Protein Localization To Membrane (GO:0090150),0.15887094888113906,5.966986794717887,10.977245117600177,NPC1,0.2040990748689228,1
552,DNA-templated DNA Replication (GO:0006261),0.15887094888113906,5.966986794717887,10.977245117600177,MCM6,0.2040990748689228,1
553,Positive Regulation Of Phosphatidylinositol 3-Kinase Signaling (GO:0014068),0.15887094888113906,5.966986794717887,10.977245117600177,LEP,0.2040990748689228,1
554,Phagocytosis (GO:0006909),0.15887094888113906,5.966986794717887,10.977245117600177,BLTP1,0.2040990748689228,1
555,Cellular Response To Calcium Ion (GO:0071277),0.15887094888113906,5.966986794717887,10.977245117600177,SYT10,0.2040990748689228,1
556,DNA Metabolic Process (GO:0006259),0.1619328177282459,2.8648018648018647,5.215583031452717,TCF7L2|MCM6,0.20764337381527068,2
557,Synapse Assembly (GO:0007416),0.16308595979881008,5.795918367346939,10.51076961698872,BDNF,0.20764337381527068,1
558,Kidney Development (GO:0001822),0.16308595979881008,5.795918367346939,10.51076961698872,TFAP2B,0.20764337381527068,1
559,Myeloid Leukocyte Differentiation (GO:0002573),0.16308595979881008,5.795918367346939,10.51076961698872,PPARG,0.20764337381527068,1
560,Negative Regulation Of Cellular Response To Growth Factor Stimulus (GO:0090288),0.16308595979881008,5.795918367346939,10.51076961698872,PPARG,0.20764337381527068,1
561,DNA Repair (GO:0006281),0.1645775944204501,2.834630911188005,5.114731825200278,FTO|HMGA2,0.2080872812436716,2
562,Positive Regulation Of Protein Localization To Nucleus (GO:1900182),0.16518569591012358,5.713998275366484,10.289111031016239,TCF7L2,0.2080872812436716,1
563,Cholesterol Homeostasis (GO:0042632),0.16518569591012358,5.713998275366484,10.289111031016239,NPC1,0.2080872812436716,1
564,Second-Messenger-Mediated Signaling (GO:0019932),0.16518569591012358,5.713998275366484,10.289111031016239,POMC,0.2080872812436716,1
565,Negative Regulation Of Catabolic Process (GO:0009895),0.16518569591012358,5.713998275366484,10.289111031016239,PDE3B,0.2080872812436716,1
566,Negative Regulation Of Cell Adhesion (GO:0007162),0.16518569591012358,5.713998275366484,10.289111031016239,PDE3B,0.2080872812436716,1
567,Sterol Homeostasis (GO:0055092),0.1672802691231711,5.634353741496598,10.074701240888364,NPC1,0.20961481877824426,1
568,DNA Replication (GO:0006260),0.1672802691231711,5.634353741496598,10.074701240888364,MCM6,0.20961481877824426,1
569,Regulation Of Rho Protein Signal Transduction (GO:0035023),0.1672802691231711,5.634353741496598,10.074701240888364,ROBO1,0.20961481877824426,1
570,Positive Regulation Of Lymphocyte Proliferation (GO:0050671),0.16936969182663447,5.556891249650545,9.867213018330611,LEP,0.21111991306361955,1
571,Negative Regulation Of Neuron Apoptotic Process (GO:0043524),0.16936969182663447,5.556891249650545,9.867213018330611,BDNF,0.21111991306361955,1
572,Regulation Of mRNA Stability (GO:0043488),0.16936969182663447,5.556891249650545,9.867213018330611,FTO,0.21111991306361955,1
573,Regulation Of Cell Cycle (GO:0051726),0.1707793170363913,2.7666103603603602,4.889660394065129,LEP|HMGA2,0.21250550269973298,2
574,Positive Regulation Of Neurogenesis (GO:0050769),0.1714539764404576,5.4815223386651954,9.666337985731483,ROBO1,0.21297331916732798,1
575,Positive Regulation Of Interleukin-6 Production (GO:0032755),0.17353313536390655,5.408163265306122,9.4717853003048,LEP,0.2148075095737246,1
576,Wnt Signaling Pathway (GO:0016055),0.17353313536390655,5.408163265306122,9.4717853003048,TCF7L2,0.2148075095737246,1
577,Negative Regulation Of Transforming Growth Factor Beta Receptor Signaling Pathway (GO:0030512),0.1756071809118701,5.336734693877551,9.283280446293812,PPARG,0.21550416521542753,1
578,Monoatomic Cation Homeostasis (GO:0055080),0.1756071809118701,5.336734693877551,9.283280446293812,SLC39A8,0.21550416521542753,1
579,Positive Regulation Of JNK Cascade (GO:0046330),0.1756071809118701,5.336734693877551,9.283280446293812,FGF19,0.21550416521542753,1
580,Chloride Transport (GO:0006821),0.1756071809118701,5.336734693877551,9.283280446293812,ANO4,0.21550416521542753,1
581,Regulation Of T Cell Proliferation (GO:0042129),0.1756071809118701,5.336734693877551,9.283280446293812,LEP,0.21550416521542753,1
582,Organonitrogen Compound Catabolic Process (GO:1901565),0.17767612543797884,5.267161410018553,9.10056411919043,GNPDA2,0.21729515855450926,1
583,Cellular Response To Nutrient Levels (GO:0031669),0.17767612543797884,5.267161410018553,9.10056411919043,RPTOR,0.21729515855450926,1
584,Regulation Of Cyclin-Dependent Protein Serine/Threonine Kinase Activity (GO:0000079),0.17973998119355442,5.199372056514914,8.923391206941128,CCND2,0.21944281950514433,1
585,Glycoprotein Biosynthetic Process (GO:0009101),0.181798760490535,5.133298889175924,8.751529842637671,NPC1,0.22082200379855443,1
586,Negative Regulation Of Protein Serine/Threonine Kinase Activity (GO:0071901),0.181798760490535,5.133298889175924,8.751529842637671,PPARG,0.22082200379855443,1
587,Regulation Of Protein Localization To Plasma Membrane (GO:1903076),0.181798760490535,5.133298889175924,8.751529842637671,MRAP2,0.22082200379855443,1
588,Activation Of Protein Kinase Activity (GO:0032147),0.18385247549919195,5.0688775510204085,8.584760541358477,LEP,0.2225582598148113,1
589,Negative Regulation Of NF-kappaB Transcription Factor Activity (GO:0032088),0.18385247549919195,5.0688775510204085,8.584760541358477,MAP2K5,0.2225582598148113,1
590,Vascular Transport (GO:0010232),0.18794476153579323,4.944748631159781,8.265677319811374,LEPR,0.22674215731813974,1
591,Phospholipase C-activating G Protein-Coupled Receptor Signaling Pathway (GO:0007200),0.18794476153579323,4.944748631159781,8.265677319811374,MC3R,0.22674215731813974,1
592,Regulation Of Cysteine-Type Endopeptidase Activity Involved In Apoptotic Process (GO:0043281),0.1899833569114356,4.884927464961889,8.112979399077096,MAP2K5,0.22881441465853647,1
593,Transport Across Blood-Brain Barrier (GO:0150104),0.19201693664513086,4.826530612244898,7.964604221414354,LEPR,0.2293267601808682,1
594,Positive Regulation Of Protein Localization (GO:1903829),0.19201693664513086,4.826530612244898,7.964604221414354,TCF7L2,0.2293267601808682,1
595,Regulation Of Osteoblast Differentiation (GO:0045667),0.19201693664513086,4.826530612244898,7.964604221414354,PPARG,0.2293267601808682,1
596,Calcium-Mediated Signaling (GO:0019722),0.19201693664513086,4.826530612244898,7.964604221414354,POMC,0.2293267601808682,1
597,Positive Regulation Of Endothelial Cell Migration (GO:0010595),0.19201693664513086,4.826530612244898,7.964604221414354,SPARC,0.2293267601808682,1
598,Negative Regulation Of Binding (GO:0051100),0.19404551285483848,4.769507803121249,7.820383303288144,HMGA2,0.23136195763461512,1
599,Regulation Of Endothelial Cell Migration (GO:0010594),0.19808770290364253,4.659394792399718,7.5437717166037235,SPARC,0.23500254936821485,1
600,Negative Regulation Of Neuron Death (GO:1901215),0.19808770290364253,4.659394792399718,7.5437717166037235,BDNF,0.23500254936821485,1
601,Positive Regulation Of Cell Adhesion (GO:0045785),0.19808770290364253,4.659394792399718,7.5437717166037235,ZFHX3,0.23500254936821485,1
602,Proteolysis (GO:0006508),0.1995943671492581,2.4926321138211383,4.016797226686841,PCSK1|DPP9,0.2363966507930582,2
603,Organic Anion Transport (GO:0015711),0.20010134077429026,4.6062152133580705,7.411084001248333,SLC39A8,0.23660407292217076,1
604,Regulation Of Phosphatidylinositol 3-Kinase Signaling (GO:0014066),0.20211002319239676,4.55423068103646,7.281955543769811,LEP,0.23858352075526307,1
605,Steroid Metabolic Process (GO:0008202),0.20611256943631576,4.453689167974883,7.03385741012878,NPC1,0.24250538285163886,1
606,Positive Regulation Of Neuron Projection Development (GO:0010976),0.20611256943631576,4.453689167974883,7.03385741012878,BDNF,0.24250538285163886,1
607,Cellular Response To Hormone Stimulus (GO:0032870),0.2100954368002021,4.357472021066491,6.79849904676328,LEP,0.24678426101901826,1
608,Cell Junction Assembly (GO:0034329),0.2120795205832498,4.310898827616153,6.685315939697291,BDNF,0.24788966914074934,1
609,Recombinational Repair (GO:0000725),0.2120795205832498,4.310898827616153,6.685315939697291,NPC1,0.24788966914074934,1
610,Positive Regulation Of Epithelial Cell Migration (GO:0010634),0.2120795205832498,4.310898827616153,6.685315939697291,SPARC,0.24788966914074934,1
611,Regulation Of Protein Metabolic Process (GO:0051246),0.2140587201245348,4.26530612244898,6.5749903239841245,MAP2K5,0.24979356374597927,1
612,Regulation Of Protein Localization (GO:0032880),0.2160330472811356,4.220663265306122,6.46742313757927,BDNF,0.25127497995342524,1
613,Monocarboxylic Acid Metabolic Process (GO:0032787),0.2160330472811356,4.220663265306122,6.46742313757927,NPC1,0.25127497995342524,1
614,MAPK Cascade (GO:0000165),0.21800251374840374,4.176940879444562,6.362519703204576,MAP2K5,0.25315275619317895,1
615,Inorganic Cation Import Across Plasma Membrane (GO:0098659),0.2277773453985499,3.971188475390156,5.874923343943355,SLC39A8,0.264073572795392,1
616,Positive Regulation Of Vasculature Development (GO:1904018),0.22971789307458146,3.932435109966317,5.78423168094792,HMGA2,0.2658910028606763,1
617,Lysosomal Transport (GO:0007041),0.23165366154685363,3.8944270015698588,5.6956456810845415,NPC1,0.2668320851097038,1
618,Cellular Response To Organonitrogen Compound (GO:0071417),0.23165366154685363,3.8944270015698588,5.6956456810845415,RPTOR,0.2668320851097038,1
619,Negative Regulation Of MAPK Cascade (GO:0043409),0.23165366154685363,3.8944270015698588,5.6956456810845415,PPARG,0.2668320851097038,1
620,Response To Calcium Ion (GO:0051592),0.2335846623503299,3.857142857142857,5.6090983677319475,SYT10,0.26862236170287934,1
621,Negative Regulation Of Translation (GO:0017148),0.23551090700841826,3.8205621871390067,5.524525481436682,FTO,0.26996668279260805,1
622,Positive Regulation Of T Cell Activation (GO:0050870),0.23551090700841826,3.8205621871390067,5.524525481436682,LEP,0.26996668279260805,1
623,Lipid Transport (GO:0006869),0.23743240698267418,3.7846652679763495,5.441865346754643,BLTP1,0.2717324336735902,1
624,Negative Regulation Of Developmental Process (GO:0051093),0.23934917373986106,3.749433106575964,5.361058744932435,PPARG,0.2726133560327811,1
625,Extracellular Structure Organization (GO:0043062),0.23934917373986106,3.749433106575964,5.361058744932435,SLC39A8,0.2726133560327811,1
626,Cellular Response To Salt (GO:1902075),0.23934917373986106,3.749433106575964,5.361058744932435,SYT10,0.2726133560327811,1
627,External Encapsulating Structure Organization (GO:0045229),0.24126121869049608,3.714847406852649,5.282048795926194,SLC39A8,0.27304642686718045,1
628,Regulation Of JNK Cascade (GO:0046328),0.24126121869049608,3.714847406852649,5.282048795926194,FGF19,0.27304642686718045,1
629,Response To Lipid (GO:0033993),0.24126121869049608,3.714847406852649,5.282048795926194,PPARG,0.27304642686718045,1
630,Sensory Perception Of Chemical Stimulus (GO:0007606),0.24126121869049608,3.714847406852649,5.282048795926194,SYT10,0.27304642686718045,1
631,RNA Metabolic Process (GO:0016070),0.24316855322710132,3.6808905380333954,5.20478084558139,FTO,0.27346873572700825,1
632,Negative Regulation Of Transmembrane Receptor Protein Serine/Threonine Kinase Signaling Pathway (GO:0090101),0.24316855322710132,3.6808905380333954,5.20478084558139,PPARG,0.27346873572700825,1
633,Regulation Of Transforming Growth Factor Beta Receptor Signaling Pathway (GO:0017015),0.24316855322710132,3.6808905380333954,5.20478084558139,PPARG,0.27346873572700825,1
634,Mitotic Cell Cycle Phase Transition (GO:0044772),0.24316855322710132,3.6808905380333954,5.20478084558139,CCND2,0.27346873572700825,1
635,Negative Regulation Of Cell Population Proliferation (GO:0008285),0.24470533557908003,2.163240495137047,3.045194735705852,TFAP2B|PPARG,0.27476362876832133,2
636,Regulation Of Interleukin-6 Production (GO:0032675),0.24886240785882746,3.582625970742279,4.982913653406146,LEP,0.2785539981214191,1
637,Negative Regulation Of Canonical Wnt Signaling Pathway (GO:0090090),0.24886240785882746,3.582625970742279,4.982913653406146,TCF7L2,0.2785539981214191,1
638,Endoplasmic Reticulum To Golgi Vesicle-Mediated Transport (GO:0006888),0.25075101413858825,3.5510204081632653,4.9121080927455,SEC16B,0.2802280142332499,1
639,Protein Maturation (GO:0051604),0.25451427641186886,3.4894440534834623,4.774949480472317,PCSK1,0.2831024634659321,1
640,Protein Processing (GO:0016485),0.25451427641186886,3.4894440534834623,4.774949480472317,PCSK1,0.2831024634659321,1
641,Cellular Response To Oxidative Stress (GO:0034599),0.25451427641186886,3.4894440534834623,4.774949480472317,ETV5,0.2831024634659321,1
642,Regulation Of Protein Binding (GO:0043393),0.2563889548341396,3.4594453165881736,4.708511372057024,TCF7L2,0.28474349656813325,1
643,Positive Regulation Of Angiogenesis (GO:0045766),0.25825901303237825,3.429955032860602,4.6434466139665425,HMGA2,0.28637430216498555,1
644,Organonitrogen Compound Biosynthetic Process (GO:1901566),0.26569326637698776,3.3168283706925394,4.396166676729281,PCSK1,0.2932496887411645,1
645,Positive Regulation Of Epithelial Cell Proliferation (GO:0050679),0.26569326637698776,3.3168283706925394,4.396166676729281,TCF7L2,0.2932496887411645,1
646,Regulation Of Cell Motility (GO:2000145),0.26569326637698776,3.3168283706925394,4.396166676729281,FGF19,0.2932496887411645,1
647,Enzyme-Linked Receptor Protein Signaling Pathway (GO:0007167),0.2675403902734135,3.2896963663514187,4.337414433160371,BDNF,0.2948319911359255,1
648,Cellular Response To Oxygen-Containing Compound (GO:1901701),0.2697999540964702,2.0158828382838285,2.6409567122033994,RPTOR|SYT10,0.2968632210968877,2
649,Positive Regulation Of Intracellular Protein Transport (GO:0090316),0.2712209880572274,3.236734693877551,4.223360488574632,SEC16B,0.29750856074585097,1
650,Cellular Response To Starvation (GO:0009267),0.2712209880572274,3.236734693877551,4.223360488574632,RPTOR,0.29750856074585097,1
651,Regulation Of Tumor Necrosis Factor Production (GO:0032680),0.2730544838638846,3.2108843537414966,4.167997377843627,POMC,0.2986009923235425,1
652,Cytosolic Transport (GO:0016482),0.2730544838638846,3.2108843537414966,4.167997377843627,ANKRD27,0.2986009923235425,1
653,Golgi Organization (GO:0007030),0.2785278903472666,3.135738016136687,4.008216604624779,SEC16B,0.303191428729162,1
654,Transmembrane Receptor Protein Serine/Threonine Kinase Signaling Pathway (GO:0007178),0.2785278903472666,3.135738016136687,4.008216604624779,PPARG,0.303191428729162,1
655,Regulation Of Cell Cycle Process (GO:0010564),0.2785278903472666,3.135738016136687,4.008216604624779,HMGA2,0.303191428729162,1
656,Synapse Organization (GO:0050808),0.28034336849839514,3.111459968602826,3.956968446025251,BDNF,0.30470247216365204,1
657,Epithelial Cell Differentiation (GO:0030855),0.28215436939905053,3.087552578283222,3.906683206158155,PPARG,0.3062040568972953,1
658,Negative Regulation Of Cell Motility (GO:2000146),0.28396090387727224,3.0640074211502784,3.857336278341556,ROBO1,0.3076962377879865,1
659,Non-Membrane-Bounded Organelle Assembly (GO:0140694),0.2875606166970605,3.0179713676515383,3.7613629045399737,NPC1,0.31065260561364266,1
660,Cellular Response To Metal Ion (GO:0071248),0.2875606166970605,3.0179713676515383,3.7613629045399737,SYT10,0.31065260561364266,1
661,Protein Localization To Plasma Membrane (GO:0072659),0.2911425929329805,2.9732893157262907,3.668866926816198,MRAP2,0.3135720071921678,1
662,Negative Regulation Of Cellular Biosynthetic Process (GO:0031327),0.2911425929329805,2.9732893157262907,3.668866926816198,FGF19,0.3135720071921678,1
663,Regulation Of Cell Migration (GO:0030334),0.2958334308716066,1.8825231481481481,2.2928354774768103,FGF19|ROBO1,0.31814364436116965,2
664,Negative Regulation Of Wnt Signaling Pathway (GO:0030178),0.2964824884084789,2.9086771399207163,3.5362740390257685,TCF7L2,0.31836146722175523,1
665,Protein Localization To Cell Periphery (GO:1990778),0.30002049698269956,2.8671298306556667,3.4517504575709377,MRAP2,0.3216761118025034,1
666,Positive Regulation Of Cellular Catabolic Process (GO:0031331),0.307044282279795,2.7874736101337088,3.291346538126983,RPTOR,0.3287125724707115,1
667,Negative Regulation Of Protein Phosphorylation (GO:0001933),0.3122667490151626,2.7305570876999448,3.1780885451938787,PPARG,0.33380238687827724,1
668,Epithelium Development (GO:0060429),0.32088526962227143,2.640656262505002,3.0015590720273457,PPARG,0.3425017922764663,1
669,Cellular Response To Growth Factor Stimulus (GO:0071363),0.3225962281219006,2.6233766233766236,2.9679671260643183,MAP2K5,0.3438133193586175,1
670,Peptide Biosynthetic Process (GO:0043043),0.3277037968552589,2.5728584427401535,2.8703970097526006,PCSK1,0.3487355330713427,1
671,Regulation Of Macromolecule Metabolic Process (GO:0060255),0.3344552195120095,2.5084294587400175,2.747363087126053,NPC1,0.35538982341589087,1
672,Negative Regulation Of Cell Migration (GO:0030336),0.33613266608727643,2.492819349962207,2.717794694415788,ROBO1,0.35664076029795844,1
673,Regulation Of Cytokine Production (GO:0001817),0.34280111726084433,2.432259650848291,2.603988937414043,LEP,0.36317562645911144,1
674,Double-Strand Break Repair (GO:0006302),0.34445794624435677,2.4175730172308443,2.5766088705447237,NPC1,0.3643894891279323,1
675,Brain Development (GO:0007420),0.34611068164657255,2.4030612244897958,2.5496399471999527,ZFHX3,0.36559543113186105,1
676,Cell-Cell Adhesion Via Plasma-Membrane Adhesion Molecules (GO:0098742),0.35104442503680444,2.360544217687075,2.4711180018684864,ROBO1,0.37025839504621527,1
677,Regulation Of Neuron Projection Development (GO:0010975),0.3543133002736421,2.333018756635602,2.4206789693623425,BDNF,0.3726038098747888,1
678,Positive Regulation Of Cellular Biosynthetic Process (GO:0031328),0.3543133002736421,2.333018756635602,2.4206789693623425,TCF7L2,0.3726038098747888,1
679,Extracellular Matrix Organization (GO:0030198),0.35756603735701764,2.306122448979592,2.3716975343886144,SLC39A8,0.37547066956635283,1
680,Negative Regulation Of Cytokine Production (GO:0001818),0.3608027143922477,2.279833967485299,2.3241173885161555,MAP2K5,0.3783122578848127,1
681,Phosphate-Containing Compound Metabolic Process (GO:0006796),0.37041716031963706,2.204416192706591,2.189261819239239,RPTOR,0.3878229593361251,1
682,Endocytosis (GO:0006897),0.37832081798382067,2.1452453321754232,2.085205747179162,BLTP1,0.39551721880126706,1
683,Intracellular Monoatomic Cation Homeostasis (GO:0030003),0.3798898404314479,2.133786848072562,2.065236730473686,SLC39A8,0.39657607061145295,1
684,Transcription By RNA Polymerase II (GO:0006366),0.38301625183987076,2.111229832247035,2.02610052252205,PPARG,0.39925524497343257,1
685,Regulation Of Programmed Cell Death (GO:0043067),0.38767692585652636,2.0782663580896275,1.9693297696753347,DPP9,0.4035235739207348,1
686,Positive Regulation Of Protein Metabolic Process (GO:0051247),0.38922280309567664,2.0675039246467817,1.9509036102620232,MAP2K5,0.4039532148576673,1
687,Endomembrane System Organization (GO:0010256),0.38922280309567664,2.0675039246467817,1.9509036102620232,SEC16B,0.4039532148576673,1
688,Negative Regulation Of Cellular Process (GO:0048523),0.3899254323298223,1.5120716510903427,1.424068714007471,TFAP2B|PDE3B,0.40409423437669084,2
689,Golgi Vesicle Transport (GO:0048193),0.3907648554462843,2.056851311953353,1.9327188803146698,SEC16B,0.4043764033863581,1
690,Anterograde Trans-Synaptic Signaling (GO:0098916),0.3938375225272607,2.03586889301175,1.897056906545971,SYT10,0.4069654399448361,1
691,Regulation Of MAPK Cascade (GO:0043408),0.4014529010595411,1.9852216748768472,1.8118424588650803,LEP,0.41423432482699396,1
692,Regulation Of Canonical Wnt Signaling Pathway (GO:0060828),0.4059770389691228,1.9560134733505052,1.7632653144438126,TCF7L2,0.41769354803028075,1
693,Negative Regulation Of Cell Differentiation (GO:0045596),0.4059770389691228,1.9560134733505052,1.7632653144438126,PPARG,0.41769354803028075,1
694,Sensory Perception Of Smell (GO:0007608),0.43956636553855893,1.7575082434720612,1.4446130242039086,SYT10,0.45160060321180473,1
695,Negative Regulation Of Multicellular Organismal Process (GO:0051241),0.44098374670171686,1.7497781721384207,1.4326260836369302,ROBO1,0.4524049084867973,1
696,Regulation Of I-kappaB kinase/NF-kappaB Signaling (GO:0043122),0.4423976147030889,1.7421150278293136,1.420775326637273,SLC39A8,0.4532033035679632,1
697,Chromatin Organization (GO:0006325),0.4910275855522238,1.504471451501949,1.0700627976731167,HMGA2,0.5022993809164068,1
698,Positive Regulation Of Apoptotic Process (GO:0043065),0.49360380318740943,1.4931340565966162,1.0541856443428579,TFAP2B,0.5042113347745314,1
699,Chemical Synaptic Transmission (GO:0007268),0.4974441859988057,1.4764405762304922,1.0309569924227397,SYT10,0.5074073027427016,1
700,Monoatomic Cation Transmembrane Transport (GO:0098655),0.50754621023197,1.433673469387755,0.9722707777365649,SLC39A8,0.5169720684219923,1
701,Central Nervous System Development (GO:0007417),0.5100404581381273,1.4233608336951802,0.9582993544129655,ZFHX3,0.5180325450890096,1
702,Positive Regulation Of Cell Differentiation (GO:0045597),0.5100404581381273,1.4233608336951802,0.9582993544129655,PPARG,0.5180325450890096,1
703,Inorganic Cation Transmembrane Transport (GO:0098662),0.5112829350478788,1.4182591764621042,0.9514138569552275,SLC39A8,0.5185558075236665,1
704,Cellular Response To Cytokine Stimulus (GO:0071345),0.5401930736610003,1.305790068470385,0.8041429474685131,LEPR,0.5470989510231438,1
705,Protein Transport (GO:0015031),0.5460015605767305,1.2845368916797488,0.7773162345459355,PPARG,0.5521973229662538,1
706,Proteasome-Mediated Ubiquitin-Dependent Protein Catabolic Process (GO:0043161),0.5528768789956165,1.2599152868694647,0.7466509270127912,UBR2,0.5583586610819753,1
707,Positive Regulation Of Cytokine Production (GO:0001819),0.5540128017436795,1.255901733734246,0.7416947278731473,LEP,0.5587144662563558,1
708,Protein-Containing Complex Assembly (GO:0065003),0.5629989435283087,1.2246770267740124,0.7035494301411569,NPC1,0.5669749247679153,1
709,DNA Damage Response (GO:0006974),0.62111954988037,1.042628017264347,0.4965325169788531,RPTOR,0.62462375044387,1
710,Vesicle-Mediated Transport (GO:0016192),0.6463647674701141,0.9726231956197113,0.42444428035169385,BLTP1,0.6490958862059033,1
711,Organelle Organization (GO:0006996),0.6526359809184303,0.9559536044633681,0.4079395894764849,SEC16B,0.6544718064625046,1
712,Phosphorylation (GO:0016310),0.6622711839857932,0.9308601945451077,0.3835890211107702,RPTOR,0.6632013401430765,1
713,Protein Modification Process (GO:0036211),0.8366922123383695,0.5530324805978729,0.09860514009152663,NPC1,0.8366922123383695,1
